Player,Nation,Pos,Age,MP,Starts,Min,90s,Gls,Ast,G+A,G-PK,PK,PKatt,CrdY,CrdR,xG,npxG,xAG,npxG+xAG,PrgC,PrgP,PrgR,Gls,Ast,G+A,G-PK,G+A-PK,xG,xAG,xG+xAG,npxG,npxG+xAG,Matches,Team
David Raya,es ESP,GK,30-103,17,17,1530.0,17.0,0.0,0.0,0.0,0.0,0.0,0.0,1.0,0.0,0.0,0.0,0.1,0.1,0.0,5.0,0.0,0.0,0.0,0.0,0.0,0.0,0.0,0.0,0.0,0.0,0.0,Matches,Arsenal
Declan Rice,eng ENG,MF,26-347,17,16,1426.0,15.8,2.0,3.0,5.0,2.0,0.0,0.0,1.0,0.0,1.7,1.7,3.3,5.0,46.0,115.0,42.0,0.13,0.19,0.32,0.13,0.32,0.11,0.21,0.31,0.11,0.31,Matches,Arsenal
Martín Zubimendi,es ESP,MF,26-328,17,16,1409.0,15.7,2.0,1.0,3.0,2.0,0.0,0.0,3.0,0.0,0.7,0.7,0.9,1.6,21.0,91.0,14.0,0.13,0.06,0.19,0.13,0.19,0.05,0.06,0.11,0.05,0.11,Matches,Arsenal
Riccardo Calafiori,it ITA,DF,23-222,16,16,1255.0,13.9,1.0,2.0,3.0,1.0,0.0,0.0,5.0,0.0,2.5,2.5,0.5,3.0,23.0,48.0,56.0,0.07,0.14,0.22,0.07,0.22,0.18,0.04,0.21,0.18,0.21,Matches,Arsenal
Jurriën Timber,nl NED,DF,24-193,17,15,1379.0,15.3,2.0,2.0,4.0,2.0,0.0,0.0,2.0,0.0,3.7,3.7,0.8,4.5,25.0,94.0,80.0,0.13,0.13,0.26,0.13,0.26,0.24,0.05,0.29,0.24,0.29,Matches,Arsenal
Bukayo Saka,eng ENG,FW,24-113,15,13,1149.0,12.8,4.0,1.0,5.0,3.0,1.0,1.0,1.0,0.0,4.2,3.4,3.5,6.9,59.0,35.0,176.0,0.31,0.08,0.39,0.23,0.31,0.33,0.27,0.6,0.27,0.54,Matches,Arsenal
Viktor Gyökeres,se SWE,FW,27-206,15,12,1016.0,11.3,5.0,0.0,5.0,3.0,2.0,2.0,3.0,0.0,5.5,3.9,1.1,5.1,11.0,13.0,64.0,0.44,0.0,0.44,0.27,0.27,0.49,0.1,0.59,0.35,0.45,Matches,Arsenal
William Saliba,fr FRA,DF,24-278,13,12,994.0,11.0,0.0,0.0,0.0,0.0,0.0,0.0,0.0,0.0,0.3,0.3,0.1,0.3,4.0,47.0,4.0,0.0,0.0,0.0,0.0,0.0,0.02,0.01,0.03,0.02,0.03,Matches,Arsenal
Gabriel Magalhães,br BRA,DF,28-008,11,11,990.0,11.0,1.0,2.0,3.0,1.0,0.0,0.0,1.0,0.0,0.8,0.8,1.4,2.2,6.0,39.0,1.0,0.09,0.18,0.27,0.09,0.27,0.07,0.13,0.2,0.07,0.2,Matches,Arsenal
Eberechi Eze,eng ENG,"MF,FW",27-181,14,11,910.0,10.1,4.0,2.0,6.0,4.0,0.0,0.0,0.0,0.0,2.3,2.3,1.2,3.5,24.0,42.0,44.0,0.4,0.2,0.59,0.4,0.59,0.22,0.12,0.34,0.22,0.34,Matches,Arsenal
Leandro Trossard,be BEL,FW,31-023,13,9,873.0,9.7,4.0,3.0,7.0,4.0,0.0,0.0,0.0,0.0,2.8,2.8,1.2,4.0,26.0,39.0,97.0,0.41,0.31,0.72,0.41,0.72,0.28,0.13,0.41,0.28,0.41,Matches,Arsenal
Mikel Merino,es ESP,"FW,MF",29-188,16,8,767.0,8.5,3.0,3.0,6.0,3.0,0.0,0.0,0.0,0.0,1.9,1.9,0.9,2.8,10.0,26.0,30.0,0.35,0.35,0.7,0.35,0.7,0.23,0.1,0.33,0.23,0.33,Matches,Arsenal
Martin Ødegaard,no NOR,MF,27-010,11,7,538.0,6.0,0.0,1.0,1.0,0.0,0.0,0.0,0.0,0.0,0.4,0.4,1.2,1.6,21.0,67.0,14.0,0.0,0.17,0.17,0.0,0.17,0.07,0.2,0.27,0.07,0.27,Matches,Arsenal
Piero Hincapié,ec ECU,DF,23-352,8,6,565.0,6.3,0.0,0.0,0.0,0.0,0.0,0.0,1.0,0.0,0.0,0.0,0.4,0.4,7.0,21.0,5.0,0.0,0.0,0.0,0.0,0.0,0.0,0.06,0.06,0.0,0.06,Matches,Arsenal
Noni Madueke,eng ENG,FW,23-292,9,5,423.0,4.7,0.0,0.0,0.0,0.0,0.0,0.0,0.0,0.0,0.5,0.5,0.8,1.3,28.0,14.0,67.0,0.0,0.0,0.0,0.0,0.0,0.1,0.18,0.28,0.1,0.28,Matches,Arsenal
Gabriel Martinelli,br BRA,FW,24-192,13,5,408.0,4.5,1.0,0.0,1.0,1.0,0.0,0.0,1.0,0.0,1.3,1.3,0.2,1.5,14.0,10.0,25.0,0.22,0.0,0.22,0.22,0.22,0.3,0.04,0.33,0.3,0.33,Matches,Arsenal
Cristhian Mosquera,es ESP,DF,21-183,10,4,433.0,4.8,0.0,0.0,0.0,0.0,0.0,0.0,1.0,0.0,0.0,0.0,0.1,0.1,8.0,15.0,2.0,0.0,0.0,0.0,0.0,0.0,0.0,0.01,0.01,0.0,0.01,Matches,Arsenal
Ben White,eng ENG,DF,28-080,4,4,280.0,3.1,0.0,1.0,1.0,0.0,0.0,0.0,0.0,0.0,0.4,0.4,0.7,1.1,6.0,21.0,11.0,0.0,0.32,0.32,0.0,0.32,0.12,0.24,0.36,0.12,0.36,Matches,Arsenal
Myles Lewis-Skelly,eng ENG,DF,19-092,11,0,203.0,2.3,0.0,0.0,0.0,0.0,0.0,0.0,2.0,0.0,0.1,0.1,0.1,0.1,3.0,6.0,8.0,0.0,0.0,0.0,0.0,0.0,0.02,0.04,0.06,0.02,0.06,Matches,Arsenal
Ethan Nwaneri,eng ENG,MF,18-281,6,0,171.0,1.9,0.0,0.0,0.0,0.0,0.0,0.0,0.0,0.0,0.2,0.2,0.0,0.3,7.0,14.0,6.0,0.0,0.0,0.0,0.0,0.0,0.12,0.02,0.14,0.12,0.14,Matches,Arsenal
Gabriel Jesus,br BRA,FW,28-268,2,0,36.0,0.4,0.0,0.0,0.0,0.0,0.0,0.0,0.0,0.0,0.1,0.1,0.0,0.1,4.0,2.0,2.0,0.0,0.0,0.0,0.0,0.0,0.37,0.0,0.37,0.37,0.37,Matches,Arsenal
Kai Havertz,de GER,FW,26-199,1,0,31.0,0.3,0.0,0.0,0.0,0.0,0.0,0.0,0.0,0.0,0.0,0.0,0.0,0.0,1.0,2.0,2.0,0.0,0.0,0.0,0.0,0.0,0.0,0.0,0.0,0.0,0.0,Matches,Arsenal
Max Dowman,eng ENG,FW,15-361,2,0,29.0,0.3,0.0,0.0,0.0,0.0,0.0,0.0,0.0,0.0,0.1,0.1,0.0,0.1,4.0,0.0,6.0,0.0,0.0,0.0,0.0,0.0,0.43,0.0,0.43,0.43,0.43,Matches,Arsenal
Christian Nørgaard,dk DEN,MF,31-292,2,0,15.0,0.2,0.0,0.0,0.0,0.0,0.0,0.0,0.0,0.0,0.1,0.1,0.0,0.1,0.0,1.0,0.0,0.0,0.0,0.0,0.0,0.0,0.31,0.0,0.31,0.31,0.31,Matches,Arsenal
Andre Annous,eng ENG,FW,18-000,0,0,,,,,,,,,,,,,,,,,,,,,,,,,,,,Matches,Arsenal
Kepa Arrizabalaga,es ESP,GK,31-085,0,0,,,,,,,,,,,,,,,,,,,,,,,,,,,,Matches,Arsenal
Jakub Kiwior,pl POL,"DF,MF",25-315,0,0,,,,,,,,,,,,,,,,,,,,,,,,,,,,Matches,Arsenal
Marli Salmon,eng ENG,DF,16-120,0,0,,,,,,,,,,,,,,,,,,,,,,,,,,,,Matches,Arsenal
Squad Total,,,26.4,17,187,1530.0,17.0,29.0,21.0,50.0,26.0,3.0,3.0,22.0,0.0,28.5,26.1,18.2,44.3,358.0,767.0,756.0,1.71,1.24,2.94,1.53,2.76,1.68,1.07,2.75,1.54,2.61,,Arsenal
Opponent Total,,,26.9,17,187,1530.0,17.0,10.0,7.0,17.0,10.0,0.0,0.0,27.0,1.0,9.8,9.8,7.8,17.5,202.0,406.0,403.0,0.59,0.41,1.0,0.59,1.0,0.58,0.46,1.03,0.58,1.03,,Arsenal
Erling Haaland,no NOR,FW,25-159,17,17,1461,16.2,19,4,23,18,1,2,0,0,16.4,14.8,2.4,17.2,26,11,50,1.17,0.25,1.42,1.11,1.36,1.01,0.15,1.16,0.91,1.06,Matches,Manchester City
Rúben Dias,pt POR,DF,28-227,17,16,1446,16.1,2,0,2,2,0,0,0,0,0.4,0.4,0.1,0.5,13,66,0,0.12,0.00,0.12,0.12,0.12,0.03,0.01,0.03,0.03,0.03,Matches,Manchester City
Gianluigi Donnarumma,it ITA,GK,26-305,14,14,1260,14.0,0,0,0,0,0,0,4,0,0.0,0.0,0.0,0.0,0,0,0,0.00,0.00,0.00,0.00,0.00,0.00,0.00,0.00,0.00,0.00,Matches,Manchester City
Phil Foden,eng ENG,MF,25-213,15,14,1225,13.6,7,2,9,7,0,0,3,0,4.0,4.0,2.6,6.6,21,62,69,0.51,0.15,0.66,0.51,0.66,0.30,0.19,0.48,0.30,0.48,Matches,Manchester City
Matheus Nunes,pt POR,DF,27-122,15,13,1234,13.7,1,3,4,1,0,0,2,0,0.2,0.2,0.8,1.0,33,65,65,0.07,0.22,0.29,0.07,0.29,0.02,0.05,0.07,0.02,0.07,Matches,Manchester City
Nico O’Reilly,eng ENG,DF,20-281,16,13,1225,13.6,1,3,4,1,0,0,2,0,2.0,2.0,2.4,4.4,41,28,73,0.07,0.22,0.29,0.07,0.29,0.15,0.18,0.32,0.15,0.32,Matches,Manchester City
Bernardo Silva,pt POR,MF,31-139,17,13,1142,12.7,0,2,2,0,0,0,4,0,0.2,0.2,2.0,2.2,25,59,52,0.00,0.16,0.16,0.00,0.16,0.02,0.16,0.18,0.02,0.18,Matches,Manchester City
Joško Gvardiol,hr CRO,DF,23-338,13,13,1128,12.5,2,1,3,2,0,0,2,0,1.5,1.5,0.3,1.8,17,76,5,0.16,0.08,0.24,0.16,0.24,0.12,0.03,0.15,0.12,0.15,Matches,Manchester City
Tijjani Reijnders,nl NED,MF,27-151,16,13,1099,12.2,3,2,5,3,0,0,2,0,3.0,3.0,2.0,5.0,32,51,47,0.25,0.16,0.41,0.25,0.41,0.24,0.17,0.41,0.24,0.41,Matches,Manchester City
Nicolás González,es ESP,MF,23-358,16,12,1137,12.6,1,0,1,1,0,0,4,0,0.5,0.5,0.5,1.0,20,70,11,0.08,0.00,0.08,0.08,0.08,0.04,0.04,0.08,0.04,0.08,Matches,Manchester City
Jeremy Doku,be BEL,"MF,FW",23-214,15,11,938,10.4,1,4,5,1,0,0,0,0,1.4,1.4,6.1,7.6,101,48,110,0.10,0.38,0.48,0.10,0.48,0.14,0.59,0.73,0.14,0.73,Matches,Manchester City
Rayan Cherki,fr FRA,"MF,FW",22-132,12,7,554,6.2,1,6,7,1,0,0,1,0,1.0,1.0,4.0,5.0,35,41,53,0.16,0.97,1.14,0.16,1.14,0.16,0.65,0.81,0.16,0.81,Matches,Manchester City
Oscar Bobb,no NOR,"MF,FW",22-168,9,5,468,5.2,0,1,1,0,0,0,1,0,0.4,0.4,0.7,1.1,17,18,55,0.00,0.19,0.19,0.00,0.19,0.08,0.13,0.21,0.08,0.21,Matches,Manchester City
Sávio,br BRA,"MF,FW",21-261,13,4,473,5.3,0,1,1,0,0,0,1,0,0.6,0.6,0.7,1.3,39,10,50,0.00,0.19,0.19,0.00,0.19,0.11,0.13,0.24,0.11,0.24,Matches,Manchester City
John Stones,eng ENG,DF,31-213,7,4,353,3.9,0,0,0,0,0,0,0,0,0.0,0.0,0.1,0.1,3,15,5,0.00,0.00,0.00,0.00,0.00,0.00,0.01,0.01,0.00,0.01,Matches,Manchester City
Rodri,es ESP,MF,29-188,6,4,293,3.3,0,0,0,0,0,0,0,0,0.1,0.1,0.1,0.2,4,20,5,0.00,0.00,0.00,0.00,0.00,0.04,0.03,0.07,0.04,0.07,Matches,Manchester City
James Trafford,eng ENG,GK,23-078,3,3,270,3.0,0,0,0,0,0,0,0,0,0.0,0.0,0.0,0.0,0,0,0,0.00,0.00,0.00,0.00,0.00,0.00,0.00,0.00,0.00,0.00,Matches,Manchester City
Abdukodir Khusanov,uz UZB,DF,21-301,5,3,252,2.8,0,0,0,0,0,0,1,0,0.0,0.0,0.0,0.0,3,7,4,0.00,0.00,0.00,0.00,0.00,0.00,0.00,0.00,0.00,0.00,Matches,Manchester City
Rayan Aït-Nouri,dz ALG,DF,24-204,5,3,204,2.3,0,0,0,0,0,0,1,0,0.0,0.0,0.2,0.3,7,7,8,0.00,0.00,0.00,0.00,0.00,0.02,0.10,0.12,0.02,0.12,Matches,Manchester City
Omar Marmoush,eg EGY,"FW,MF",26-323,10,2,211,2.3,0,1,1,0,0,0,0,0,1.2,1.2,1.0,2.2,7,5,20,0.00,0.43,0.43,0.00,0.43,0.52,0.43,0.95,0.52,0.95,Matches,Manchester City
Rico Lewis,eng ENG,"DF,MF",21-036,8,2,209,2.3,0,1,1,0,0,0,0,0,0.0,0.0,1.3,1.3,3,20,10,0.00,0.43,0.43,0.00,0.43,0.01,0.56,0.57,0.01,0.57,Matches,Manchester City
Nathan Aké,nl NED,DF,30-312,7,1,227,2.5,0,0,0,0,0,0,0,0,0.3,0.3,0.1,0.4,4,20,2,0.00,0.00,0.00,0.00,0.00,0.11,0.03,0.14,0.11,0.14,Matches,Manchester City
Divine Mukasa,eng ENG,MF,18-127,1,0,16,0.2,0,0,0,0,0,0,0,0,0.0,0.0,0.1,0.1,1,3,0,0.00,0.00,0.00,0.00,0.00,0.00,0.62,0.62,0.00,0.62,Matches,Manchester City
Mateo Kovačić,hr CRO,MF,31-235,1,0,5,0.1,0,0,0,0,0,0,0,0,0.0,0.0,0.0,0.0,0,1,0,0.00,0.00,0.00,0.00,0.00,0.00,0.00,0.00,0.00,0.00,Matches,Manchester City
Manuel Akanji,ch SUI,"DF,MF",30-161,0,0,,,,,,,,,,,,,,,,,,,,,,,,,,,,Matches,Manchester City
Ederson,br BRA,GK,32-132,0,0,,,,,,,,,,,,,,,,,,,,,,,,,,,,Matches,Manchester City
Charlie Gray,eng ENG,MF,19-308,0,0,,,,,,,,,,,,,,,,,,,,,,,,,,,,Matches,Manchester City
İlkay Gündoğan,de GER,MF,35-064,0,0,,,,,,,,,,,,,,,,,,,,,,,,,,,,Matches,Manchester City
Reigan Heskey,eng ENG,FW,17-343,0,0,,,,,,,,,,,,,,,,,,,,,,,,,,,,Matches,Manchester City
Ryan Mcaidoo,eng ENG,FW,17-186,0,0,,,,,,,,,,,,,,,,,,,,,,,,,,,,Matches,Manchester City
Stephen Mfuni,eng ENG,DF,17-318,0,0,,,,,,,,,,,,,,,,,,,,,,,,,,,,Matches,Manchester City
Stefan Ortega,de GER,GK,33-051,0,0,,,,,,,,,,,,,,,,,,,,,,,,,,,,Matches,Manchester City
Squad Total,,,25.7,17,187,1530,17.0,38,31,69,37,1,2,28,0,32.4,30.9,27.0,57.9,452,703,694,2.24,1.82,4.06,2.18,4.00,1.91,1.59,3.50,1.82,3.41,,Manchester City
Opponent Total,,,26.9,17,187,1530,17.0,16,7,23,15,1,2,28,1,18.8,17.0,11.1,28.1,240,452,448,0.94,0.41,1.35,0.88,1.29,1.10,0.65,1.76,1.00,1.65,,Manchester City
Morgan Rogers,eng ENG,"FW,MF",23-154,17,17,1516,16.8,7,3,10,7,0,0,2,0,2.8,2.8,1.9,4.7,36,49,101,0.42,0.18,0.59,0.42,0.59,0.17,0.11,0.28,0.17,0.28,Matches,Aston Villa
Matty Cash,pl POL,DF,28-142,17,17,1501,16.7,3,1,4,3,0,0,4,0,0.7,0.7,1.5,2.1,24,56,67,0.18,0.06,0.24,0.18,0.24,0.04,0.09,0.13,0.04,0.13,Matches,Aston Villa
John McGinn,sct SCO,"FW,MF",31-070,17,17,1317,14.6,1,2,3,1,0,0,3,0,1.2,1.2,2.0,3.1,23,61,48,0.07,0.14,0.21,0.07,0.21,0.08,0.14,0.22,0.08,0.22,Matches,Aston Villa
Ezri Konsa,eng ENG,DF,28-065,16,16,1415,15.7,0,0,0,0,0,0,0,1,0.3,0.3,0.1,0.4,7,45,4,0.00,0.00,0.00,0.00,0.00,0.02,0.01,0.03,0.02,0.03,Matches,Aston Villa
Ollie Watkins,eng ENG,FW,29-362,17,15,1268,14.1,3,1,4,3,0,0,0,0,4.6,4.6,1.2,5.9,27,14,88,0.21,0.07,0.28,0.21,0.28,0.33,0.09,0.42,0.33,0.42,Matches,Aston Villa
Boubacar Kamara,fr FRA,MF,26-034,15,14,1158,12.9,1,3,4,1,0,0,4,0,0.2,0.2,0.7,0.9,9,62,8,0.08,0.23,0.31,0.08,0.31,0.02,0.05,0.07,0.02,0.07,Matches,Aston Villa
Emiliano Martínez,ar ARG,GK,33-116,13,13,1170,13.0,0,0,0,0,0,0,1,0,0.0,0.0,0.0,0.0,0,2,0,0.00,0.00,0.00,0.00,0.00,0.00,0.00,0.00,0.00,0.00,Matches,Aston Villa
Lucas Digne,fr FRA,DF,32-160,16,12,1006,11.2,0,3,3,0,0,0,2,0,0.4,0.4,0.9,1.3,11,27,73,0.00,0.27,0.27,0.00,0.27,0.04,0.08,0.12,0.04,0.12,Matches,Aston Villa
Pau Torres,es ESP,DF,28-345,12,10,954,10.6,0,0,0,0,0,0,0,0,0.2,0.2,0.0,0.2,10,41,3,0.00,0.00,0.00,0.00,0.00,0.01,0.00,0.01,0.01,0.01,Matches,Aston Villa
Amadou Onana,be BEL,MF,24-133,12,10,811,9.0,2,0,2,2,0,0,2,0,0.4,0.4,0.1,0.6,9,38,4,0.22,0.00,0.22,0.22,0.22,0.05,0.01,0.06,0.05,0.06,Matches,Aston Villa
Youri Tielemans,be BEL,MF,28-234,11,9,783,8.7,0,2,2,0,0,0,0,0,0.7,0.7,1.7,2.4,11,46,19,0.00,0.23,0.23,0.00,0.23,0.08,0.19,0.27,0.08,0.27,Matches,Aston Villa
Emi Buendía,ar ARG,"MF,FW",29-002,15,6,558,6.2,4,2,6,4,0,0,2,0,1.5,1.5,1.2,2.7,16,32,25,0.65,0.32,0.97,0.65,0.97,0.24,0.19,0.44,0.24,0.44,Matches,Aston Villa
Evann Guessand,ci CIV,FW,24-179,12,6,515,5.7,0,1,1,0,0,0,0,0,1.0,1.0,0.6,1.6,12,8,28,0.00,0.17,0.17,0.00,0.17,0.17,0.11,0.28,0.17,0.28,Matches,Aston Villa
Tyrone Mings,eng ENG,DF,32-289,7,6,498,5.5,0,0,0,0,0,0,0,0,0.3,0.3,0.1,0.4,1,27,3,0.00,0.00,0.00,0.00,0.00,0.05,0.02,0.07,0.05,0.07,Matches,Aston Villa
Ian Maatsen,nl NED,DF,23-292,12,5,530,5.9,0,0,0,0,0,0,1,0,0.4,0.4,1.5,2.0,14,30,38,0.00,0.00,0.00,0.00,0.00,0.07,0.26,0.34,0.07,0.34,Matches,Aston Villa
Donyell Malen,nl NED,"FW,MF",26-352,17,4,542,6.0,4,1,5,4,0,0,0,0,3.2,3.2,0.4,3.6,13,13,35,0.66,0.17,0.83,0.66,0.83,0.53,0.07,0.60,0.53,0.60,Matches,Aston Villa
Marco Bizot,nl NED,GK,34-292,4,4,360,4.0,0,0,0,0,0,0,2,0,0.0,0.0,0.0,0.0,0,1,0,0.00,0.00,0.00,0.00,0.00,0.00,0.00,0.00,0.00,0.00,Matches,Aston Villa
Lamare Bogarde,nl NED,MF,21-356,12,3,325,3.6,0,0,0,0,0,0,2,0,0.0,0.0,0.0,0.0,5,11,2,0.00,0.00,0.00,0.00,0.00,0.00,0.01,0.01,0.00,0.01,Matches,Aston Villa
Victor Lindelöf,se SWE,"DF,MF",31-163,6,2,209,2.3,0,1,1,0,0,0,0,0,0.0,0.0,0.0,0.0,2,7,0,0.00,0.43,0.43,0.00,0.43,0.00,0.02,0.02,0.00,0.02,Matches,Aston Villa
Harvey Elliott,eng ENG,"MF,FW",22-267,3,1,98,1.1,0,0,0,0,0,0,0,0,0.2,0.2,0.0,0.2,3,5,11,0.00,0.00,0.00,0.00,0.00,0.17,0.00,0.17,0.17,0.17,Matches,Aston Villa
Jadon Sancho,eng ENG,FW,25-277,7,0,133,1.5,0,0,0,0,0,0,0,0,0.3,0.3,0.5,0.8,7,11,22,0.00,0.00,0.00,0.00,0.00,0.22,0.32,0.54,0.22,0.54,Matches,Aston Villa
Ross Barkley,eng ENG,MF,32-022,7,0,121,1.3,1,0,1,1,0,0,0,0,0.4,0.4,0.5,0.9,5,9,4,0.74,0.00,0.74,0.74,0.74,0.29,0.37,0.65,0.29,0.65,Matches,Aston Villa
Bradley Burrowes,eng ENG,DF,17-298,1,0,17,0.2,0,0,0,0,0,0,0,0,0.0,0.0,0.0,0.0,1,0,4,0.00,0.00,0.00,0.00,0.00,0.00,0.00,0.00,0.00,0.00,Matches,Aston Villa
Benjamin Broggio,eng ENG,FW,18-332,0,0,,,,,,,,,,,,,,,,,,,,,,,,,,,,Matches,Aston Villa
Andrés García,es ESP,DF,22-323,0,0,,,,,,,,,,,,,,,,,,,,,,,,,,,,Matches,Aston Villa
George Hemmings,eng ENG,MF,18-298,0,0,,,,,,,,,,,,,,,,,,,,,,,,,,,,Matches,Aston Villa
Ronnie Hollingshead,wls WAL,GK,21-109,0,0,,,,,,,,,,,,,,,,,,,,,,,,,,,,Matches,Aston Villa
Samuel Iling-Junior,eng ENG,"DF,MF",22-084,0,0,,,,,,,,,,,,,,,,,,,,,,,,,,,,Matches,Aston Villa
Jamaldeen Jimoh,eng ENG,MF,19-086,0,0,,,,,,,,,,,,,,,,,,,,,,,,,,,,Matches,Aston Villa
Travis Patterson,eng ENG,DF,20-082,0,0,,,,,,,,,,,,,,,,,,,,,,,,,,,,Matches,Aston Villa
Sam Proctor,eng ENG,GK,19-006,0,0,,,,,,,,,,,,,,,,,,,,,,,,,,,,Matches,Aston Villa
Leon Routh,eng ENG,DF,18-027,0,0,,,,,,,,,,,,,,,,,,,,,,,,,,,,Matches,Aston Villa
Triston Rowe,eng ENG,DF,19-223,0,0,,,,,,,,,,,,,,,,,,,,,,,,,,,,Matches,Aston Villa
James Wright,eng ENG,GK,21-025,0,0,,,,,,,,,,,,,,,,,,,,,,,,,,,,Matches,Aston Villa
Squad Total,,,28.4,17,187,1530,17.0,26,20,46,26,0,0,25,1,17.9,17.9,14.6,32.5,246,595,587,1.53,1.18,2.71,1.53,2.71,1.06,0.86,1.91,1.06,1.91,,Aston Villa
Opponent Total,,,26.6,17,187,1530,17.0,17,10,27,16,1,2,41,1,22.7,21.1,16.1,37.3,297,570,564,1.00,0.59,1.59,0.94,1.53,1.34,0.95,2.29,1.24,2.19,,Aston Villa
Robert Sánchez,es ESP,GK,28-039,17,17,1444.0,16.0,0.0,1.0,1.0,0.0,0.0,0.0,2.0,1.0,0.0,0.0,0.8,0.8,0.0,0.0,0.0,0.0,0.06,0.06,0.0,0.06,0.0,0.05,0.05,0.0,0.05,Matches,Chelsea
Marc Cucurella,es ESP,DF,27-158,17,16,1436.0,16.0,0.0,2.0,2.0,0.0,0.0,0.0,3.0,0.0,0.6,0.6,1.7,2.3,24.0,66.0,45.0,0.0,0.13,0.13,0.0,0.13,0.04,0.11,0.14,0.04,0.14,Matches,Chelsea
Trevoh Chalobah,eng ENG,DF,26-175,16,16,1380.0,15.3,3.0,0.0,3.0,3.0,0.0,0.0,2.0,1.0,0.9,0.9,0.1,1.0,15.0,48.0,3.0,0.2,0.0,0.2,0.2,0.2,0.06,0.01,0.07,0.06,0.07,Matches,Chelsea
João Pedro,br BRA,"FW,MF",24-092,17,16,1352.0,15.0,5.0,3.0,8.0,5.0,0.0,0.0,2.0,0.0,5.0,5.0,2.8,7.8,37.0,53.0,93.0,0.33,0.2,0.53,0.33,0.53,0.33,0.19,0.52,0.33,0.52,Matches,Chelsea
Pedro Neto,pt POR,FW,25-293,17,16,1324.0,14.7,5.0,3.0,8.0,5.0,0.0,0.0,2.0,0.0,3.0,3.0,2.9,5.9,71.0,45.0,121.0,0.34,0.2,0.54,0.34,0.54,0.21,0.2,0.4,0.21,0.4,Matches,Chelsea
Enzo Fernández,ar ARG,MF,24-344,16,15,1367.0,15.2,4.0,1.0,5.0,3.0,1.0,1.0,2.0,0.0,6.1,5.4,3.2,8.6,21.0,115.0,52.0,0.26,0.07,0.33,0.2,0.26,0.4,0.21,0.62,0.35,0.57,Matches,Chelsea
Reece James,eng ENG,"DF,MF",26-019,16,12,1114.0,12.4,2.0,3.0,5.0,2.0,0.0,0.0,2.0,0.0,0.7,0.7,2.1,2.8,17.0,69.0,26.0,0.16,0.24,0.4,0.16,0.4,0.06,0.17,0.23,0.06,0.23,Matches,Chelsea
Moisés Caicedo,ec ECU,MF,24-055,13,12,1072.0,11.9,3.0,1.0,4.0,3.0,0.0,0.0,3.0,1.0,0.6,0.6,1.0,1.6,10.0,69.0,7.0,0.25,0.08,0.34,0.25,0.34,0.05,0.08,0.13,0.05,0.13,Matches,Chelsea
Malo Gusto,fr FRA,"DF,MF",22-222,15,10,944.0,10.5,2.0,2.0,4.0,2.0,0.0,0.0,3.0,1.0,1.2,1.2,1.2,2.3,13.0,52.0,37.0,0.19,0.19,0.38,0.19,0.38,0.11,0.11,0.22,0.11,0.22,Matches,Chelsea
Wesley Fofana,fr FRA,DF,25-010,9,8,668.0,7.4,0.0,0.0,0.0,0.0,0.0,0.0,1.0,0.0,0.2,0.2,0.0,0.2,4.0,17.0,1.0,0.0,0.0,0.0,0.0,0.0,0.03,0.0,0.03,0.03,0.03,Matches,Chelsea
Alejandro Garnacho,ar ARG,FW,21-179,11,8,648.0,7.2,1.0,2.0,3.0,1.0,0.0,0.0,1.0,0.0,1.9,1.9,2.5,4.4,55.0,11.0,98.0,0.14,0.28,0.42,0.14,0.42,0.26,0.35,0.61,0.26,0.61,Matches,Chelsea
Estêvão Willian,br BRA,FW,18-247,14,6,457.0,5.1,1.0,1.0,2.0,1.0,0.0,0.0,3.0,0.0,1.9,1.9,1.9,3.9,20.0,13.0,54.0,0.2,0.2,0.39,0.2,0.39,0.38,0.38,0.77,0.38,0.77,Matches,Chelsea
Liam Delap,eng ENG,FW,22-322,8,6,348.0,3.9,0.0,0.0,0.0,0.0,0.0,0.0,0.0,0.0,0.8,0.8,0.0,0.8,8.0,6.0,26.0,0.0,0.0,0.0,0.0,0.0,0.21,0.0,0.21,0.21,0.21,Matches,Chelsea
Tosin Adarabioyo,eng ENG,DF,28-094,9,5,561.0,6.2,0.0,0.0,0.0,0.0,0.0,0.0,1.0,0.0,0.1,0.1,0.0,0.1,3.0,18.0,0.0,0.0,0.0,0.0,0.0,0.0,0.02,0.0,0.02,0.02,0.02,Matches,Chelsea
Cole Palmer,eng ENG,MF,23-235,7,5,367.0,4.1,2.0,0.0,2.0,2.0,0.0,0.0,0.0,0.0,1.5,1.5,0.1,1.6,16.0,27.0,27.0,0.49,0.0,0.49,0.49,0.49,0.36,0.03,0.39,0.36,0.39,Matches,Chelsea
Andrey Santos,br BRA,MF,21-238,12,4,444.0,4.9,0.0,0.0,0.0,0.0,0.0,0.0,3.0,0.0,0.9,0.9,0.2,1.1,6.0,25.0,12.0,0.0,0.0,0.0,0.0,0.0,0.18,0.04,0.22,0.18,0.22,Matches,Chelsea
Jamie Gittens,eng ENG,FW,21-141,12,4,430.0,4.8,0.0,2.0,2.0,0.0,0.0,0.0,0.0,0.0,0.8,0.8,0.7,1.5,24.0,8.0,37.0,0.0,0.42,0.42,0.0,0.42,0.16,0.16,0.31,0.16,0.31,Matches,Chelsea
Joshua Acheampong,eng ENG,DF,19-236,5,4,349.0,3.9,1.0,0.0,1.0,1.0,0.0,0.0,0.0,0.0,0.6,0.6,0.0,0.6,4.0,11.0,0.0,0.26,0.0,0.26,0.26,0.26,0.16,0.0,0.16,0.16,0.16,Matches,Chelsea
Jorrel Hato,nl NED,DF,19-295,4,2,168.0,1.9,0.0,0.0,0.0,0.0,0.0,0.0,2.0,0.0,0.0,0.0,0.0,0.0,0.0,4.0,1.0,0.0,0.0,0.0,0.0,0.0,0.0,0.0,0.0,0.0,0.0,Matches,Chelsea
Benoît Badiashile,fr FRA,DF,24-276,4,2,156.0,1.7,0.0,0.0,0.0,0.0,0.0,0.0,2.0,0.0,0.0,0.0,0.0,0.0,1.0,7.0,0.0,0.0,0.0,0.0,0.0,0.0,0.0,0.0,0.0,0.0,0.0,Matches,Chelsea
Marc Guiu,es ESP,FW,19-357,7,1,238.0,2.6,0.0,1.0,1.0,0.0,0.0,0.0,1.0,0.0,1.4,1.4,1.0,2.4,2.0,2.0,13.0,0.0,0.38,0.38,0.0,0.38,0.54,0.37,0.92,0.54,0.92,Matches,Chelsea
Roméo Lavia,be BEL,MF,21-355,4,1,108.0,1.2,0.0,0.0,0.0,0.0,0.0,0.0,0.0,0.0,0.0,0.0,0.0,0.0,1.0,9.0,1.0,0.0,0.0,0.0,0.0,0.0,0.0,0.0,0.0,0.0,0.0,Matches,Chelsea
Facundo Buonanotte,ar ARG,MF,21-004,1,1,45.0,0.5,0.0,0.0,0.0,0.0,0.0,0.0,0.0,0.0,0.0,0.0,0.3,0.3,0.0,0.0,5.0,0.0,0.0,0.0,0.0,0.0,0.0,0.51,0.51,0.0,0.51,Matches,Chelsea
Tyrique George,eng ENG,FW,19-326,4,0,145.0,1.6,0.0,0.0,0.0,0.0,0.0,0.0,2.0,0.0,0.3,0.3,0.0,0.3,1.0,4.0,10.0,0.0,0.0,0.0,0.0,0.0,0.2,0.0,0.2,0.2,0.2,Matches,Chelsea
Filip Jørgensen,dk DEN,GK,23-255,1,0,84.0,0.9,0.0,0.0,0.0,0.0,0.0,0.0,0.0,0.0,0.0,0.0,0.0,0.0,0.0,0.0,0.0,0.0,0.0,0.0,0.0,0.0,0.0,0.0,0.0,0.0,0.0,Matches,Chelsea
Landon Emenalo,eng ENG,MF,17-343,0,0,,,,,,,,,,,,,,,,,,,,,,,,,,,,Matches,Chelsea
Dario Essugo,pt POR,MF,20-288,0,0,,,,,,,,,,,,,,,,,,,,,,,,,,,,Matches,Chelsea
Gaga Slonina,us USA,GK,21-226,0,0,,,,,,,,,,,,,,,,,,,,,,,,,,,,Matches,Chelsea
Squad Total,,,24.7,17,187,1530.0,17.0,29.0,22.0,51.0,28.0,1.0,1.0,37.0,4.0,28.1,27.3,22.6,50.0,353.0,679.0,669.0,1.71,1.29,3.0,1.65,2.94,1.65,1.33,2.99,1.61,2.94,,Chelsea
Opponent Total,,,26.8,17,187,1530.0,17.0,17.0,14.0,31.0,17.0,0.0,0.0,38.0,1.0,22.0,22.0,16.8,38.8,251.0,535.0,524.0,1.0,0.82,1.82,1.0,1.82,1.3,0.99,2.28,1.3,2.28,,Chelsea
Luke Shaw,eng ENG,DF,30-168,18,18,1547,17.2,0,1,1,0,0,0,3,0,0.1,0.1,0.4,0.5,28,74,19,0.00,0.06,0.06,0.00,0.06,0.00,0.03,0.03,0.00,0.03,Matches,Manchester Utd
Bruno Fernandes,pt POR,MF,31-110,17,17,1475,16.4,5,7,12,3,2,4,2,0,7.0,3.9,4.7,8.6,28,138,54,0.31,0.43,0.73,0.18,0.61,0.42,0.29,0.71,0.24,0.53,Matches,Manchester Utd
Bryan Mbeumo,cm CMR,MF,26-142,16,16,1403,15.6,6,1,7,6,0,0,3,0,5.5,5.5,3.1,8.7,41,44,145,0.38,0.06,0.45,0.38,0.45,0.36,0.20,0.56,0.36,0.56,Matches,Manchester Utd
Casemiro,br BRA,MF,33-307,16,15,1048,11.6,4,1,5,4,0,0,7,1,2.8,2.8,0.7,3.5,7,58,18,0.34,0.09,0.43,0.34,0.43,0.24,0.06,0.30,0.24,0.30,Matches,Manchester Utd
Amad Diallo,ci CIV,"DF,MF",23-169,15,14,1203,13.4,2,2,4,2,0,0,1,0,3.7,3.7,3.0,6.6,71,49,122,0.15,0.15,0.30,0.15,0.30,0.27,0.22,0.50,0.27,0.50,Matches,Manchester Utd
Matthijs de Ligt,nl NED,DF,26-137,13,13,1170,13.0,1,0,1,1,0,0,0,0,1.5,1.5,0.6,2.0,3,23,7,0.08,0.00,0.08,0.08,0.08,0.11,0.05,0.16,0.11,0.16,Matches,Manchester Utd
Diogo Dalot,pt POR,DF,26-284,16,13,1137,12.6,1,2,3,1,0,0,2,0,1.2,1.2,2.2,3.3,24,41,81,0.08,0.16,0.24,0.08,0.24,0.09,0.17,0.26,0.09,0.26,Matches,Manchester Utd
Matheus Cunha,br BRA,"MF,FW",26-214,15,13,1119,12.4,3,1,4,3,0,0,1,0,4.5,4.5,1.5,6.0,45,49,58,0.24,0.08,0.32,0.24,0.32,0.36,0.12,0.48,0.36,0.48,Matches,Manchester Utd
Senne Lammens,be BEL,GK,23-173,12,12,1080,12.0,0,0,0,0,0,0,0,0,0.0,0.0,0.0,0.0,0,2,0,0.00,0.00,0.00,0.00,0.00,0.00,0.00,0.00,0.00,0.00,Matches,Manchester Utd
Leny Yoro,fr FRA,DF,20-044,18,11,1033,11.5,0,0,0,0,0,0,0,0,0.3,0.3,0.0,0.3,12,51,4,0.00,0.00,0.00,0.00,0.00,0.02,0.00,0.03,0.02,0.03,Matches,Manchester Utd
Mason Mount,eng ENG,MF,26-351,15,10,785,8.7,3,0,3,3,0,0,0,0,1.5,1.5,1.1,2.5,14,48,48,0.34,0.00,0.34,0.34,0.34,0.17,0.12,0.29,0.17,0.29,Matches,Manchester Utd
Patrick Dorgu,dk DEN,DF,21-062,17,9,895,9.9,1,2,3,1,0,0,4,0,0.9,0.9,1.8,2.7,38,16,81,0.10,0.20,0.30,0.10,0.30,0.09,0.19,0.27,0.09,0.27,Matches,Manchester Utd
Benjamin Šeško,si SVN,FW,22-210,14,8,774,8.6,2,1,3,2,0,0,1,0,2.6,2.6,0.4,3.0,7,10,34,0.23,0.12,0.35,0.23,0.35,0.30,0.04,0.35,0.30,0.35,Matches,Manchester Utd
Altay Bayındır,tr TUR,GK,27-257,6,6,540,6.0,0,0,0,0,0,0,0,0,0.0,0.0,0.2,0.2,0,0,0,0.00,0.00,0.00,0.00,0.00,0.00,0.04,0.04,0.00,0.04,Matches,Manchester Utd
Noussair Mazraoui,ma MAR,DF,28-043,9,6,442,4.9,0,0,0,0,0,0,1,0,0.0,0.0,0.1,0.1,9,47,21,0.00,0.00,0.00,0.00,0.00,0.00,0.01,0.02,0.00,0.02,Matches,Manchester Utd
Ayden Heaven,eng ENG,DF,19-096,7,5,413,4.6,0,1,1,0,0,0,1,0,0.0,0.0,0.4,0.4,1,9,1,0.00,0.22,0.22,0.00,0.22,0.01,0.08,0.08,0.01,0.08,Matches,Manchester Utd
Manuel Ugarte,uy URU,MF,24-260,12,4,480,5.3,0,0,0,0,0,0,1,0,0.0,0.0,0.1,0.2,6,25,4,0.00,0.00,0.00,0.00,0.00,0.01,0.03,0.03,0.01,0.03,Matches,Manchester Utd
Harry Maguire,eng ENG,DF,32-297,8,4,345,3.8,1,1,2,1,0,0,0,0,0.3,0.3,0.4,0.7,2,15,2,0.26,0.26,0.52,0.26,0.52,0.08,0.09,0.18,0.08,0.18,Matches,Manchester Utd
Joshua Zirkzee,nl NED,FW,24-219,11,3,400,4.4,1,0,1,1,0,0,1,0,1.8,1.8,0.3,2.0,1,11,19,0.23,0.00,0.23,0.23,0.23,0.40,0.06,0.46,0.40,0.46,Matches,Manchester Utd
Lisandro Martínez,ar ARG,"DF,MF",27-343,6,1,188,2.1,0,0,0,0,0,0,0,0,0.0,0.0,0.5,0.5,1,13,0,0.00,0.00,0.00,0.00,0.00,0.01,0.24,0.25,0.01,0.25,Matches,Manchester Utd
Kobbie Mainoo,eng ENG,MF,20-252,11,0,221,2.5,0,0,0,0,0,0,0,0,0.1,0.1,0.3,0.4,11,8,9,0.00,0.00,0.00,0.00,0.00,0.03,0.12,0.15,0.03,0.15,Matches,Manchester Utd
Jack Fletcher,eng ENG,"MF,FW",18-283,2,0,63,0.7,0,0,0,0,0,0,0,0,0.0,0.0,0.0,0.0,0,3,2,0.00,0.00,0.00,0.00,0.00,0.00,0.06,0.06,0.00,0.06,Matches,Manchester Utd
Shea Lacey,eng ENG,DF,18-257,1,0,7,0.1,0,0,0,0,0,0,0,0,0.0,0.0,0.0,0.0,0,0,1,0.00,0.00,0.00,0.00,0.00,0.24,0.00,0.24,0.24,0.24,Matches,Manchester Utd
Tyler Fredricson,eng ENG,DF,20-307,1,0,3,0.0,0,0,0,0,0,0,0,0,0.0,0.0,0.0,0.0,0,0,0,0.00,0.00,0.00,0.00,0.00,0.00,0.00,0.00,0.00,0.00,Matches,Manchester Utd
Tyrell Malacia,nl NED,DF,26-132,1,0,3,0.0,0,0,0,0,0,0,0,0,0.0,0.0,0.0,0.0,0,0,0,0.00,0.00,0.00,0.00,0.00,0.00,0.00,0.00,0.00,0.00,Matches,Manchester Utd
Tyler Fletcher,sct SCO,MF,18-283,0,0,,,,,,,,,,,,,,,,,,,,,,,,,,,,Matches,Manchester Utd
Tom Heaton,eng ENG,GK,39-256,0,0,,,,,,,,,,,,,,,,,,,,,,,,,,,,Matches,Manchester Utd
Diego León,py PAR,DF,18-268,0,0,,,,,,,,,,,,,,,,,,,,,,,,,,,,Matches,Manchester Utd
Bendito Mantato,eng ENG,MF,17-336,0,0,,,,,,,,,,,,,,,,,,,,,,,,,,,,Matches,Manchester Utd
André Onana,cm CMR,GK,29-269,0,0,,,,,,,,,,,,,,,,,,,,,,,,,,,,Matches,Manchester Utd
Squad Total,,,26.4,18,198,1620,18.0,30,20,50,28,2,4,28,1,32.7,29.7,21.3,51.0,349,734,730,1.67,1.11,2.78,1.56,2.67,1.82,1.18,3.00,1.65,2.83,,Manchester Utd
Opponent Total,,,26.5,18,198,1620,18.0,28,19,47,27,1,1,42,2,24.2,23.4,17.2,40.5,285,586,572,1.56,1.06,2.61,1.50,2.56,1.34,0.95,2.30,1.30,2.25,,Manchester Utd
Virgil van Dijk,nl NED,DF,34-172,17,17,1530.0,17.0,0.0,0.0,0.0,0.0,0.0,0.0,3.0,0.0,0.8,0.8,0.2,1.0,16.0,123.0,11.0,0.0,0.0,0.0,0.0,0.0,0.05,0.01,0.06,0.05,0.06,Matches,Liverpool
Dominik Szoboszlai,hu HUN,"MF,DF",25-063,17,17,1522.0,16.9,2.0,1.0,3.0,2.0,0.0,0.0,5.0,0.0,2.1,2.1,2.4,4.6,44.0,129.0,70.0,0.12,0.06,0.18,0.12,0.18,0.13,0.14,0.27,0.13,0.27,Matches,Liverpool
Ibrahima Konaté,fr FRA,DF,26-216,17,17,1426.0,15.8,0.0,0.0,0.0,0.0,0.0,0.0,4.0,0.0,0.8,0.8,0.5,1.4,16.0,64.0,1.0,0.0,0.0,0.0,0.0,0.0,0.05,0.03,0.09,0.05,0.09,Matches,Liverpool
Ryan Gravenberch,nl NED,MF,23-225,15,15,1321.0,14.7,3.0,2.0,5.0,3.0,0.0,0.0,3.0,0.0,0.7,0.7,1.5,2.2,33.0,78.0,28.0,0.2,0.14,0.34,0.2,0.34,0.05,0.1,0.15,0.05,0.15,Matches,Liverpool
Milos Kerkez,hu HUN,DF,22-050,16,14,1121.0,12.5,1.0,0.0,1.0,1.0,0.0,0.0,3.0,0.0,1.0,1.0,0.9,1.9,20.0,58.0,71.0,0.08,0.0,0.08,0.08,0.08,0.08,0.07,0.15,0.08,0.15,Matches,Liverpool
Alexis Mac Allister,ar ARG,MF,27-003,16,14,1094.0,12.2,0.0,2.0,2.0,0.0,0.0,0.0,2.0,0.0,1.5,1.5,1.4,2.9,18.0,48.0,35.0,0.0,0.16,0.16,0.0,0.16,0.13,0.11,0.24,0.13,0.24,Matches,Liverpool
Cody Gakpo,nl NED,FW,26-234,15,13,1136.0,12.6,4.0,3.0,7.0,4.0,0.0,0.0,0.0,0.0,4.1,4.1,3.7,7.9,53.0,40.0,140.0,0.32,0.24,0.55,0.32,0.55,0.33,0.3,0.62,0.33,0.62,Matches,Liverpool
Mohamed Salah,eg EGY,"FW,MF",33-195,14,12,1183.0,13.1,4.0,3.0,7.0,3.0,1.0,1.0,1.0,0.0,4.5,3.8,3.0,6.7,51.0,63.0,169.0,0.3,0.23,0.53,0.23,0.46,0.35,0.22,0.57,0.29,0.51,Matches,Liverpool
Florian Wirtz,de GER,"MF,FW",22-238,16,12,1086.0,12.1,0.0,1.0,1.0,0.0,0.0,0.0,1.0,0.0,2.2,2.2,1.7,3.9,25.0,78.0,112.0,0.0,0.08,0.08,0.0,0.08,0.18,0.14,0.33,0.18,0.33,Matches,Liverpool
Alisson,br BRA,GK,33-086,12,12,1080.0,12.0,0.0,0.0,0.0,0.0,0.0,0.0,0.0,0.0,0.0,0.0,0.0,0.0,0.0,4.0,0.0,0.0,0.0,0.0,0.0,0.0,0.0,0.0,0.0,0.0,0.0,Matches,Liverpool
Hugo Ekitike,fr FRA,FW,23-190,16,11,957.0,10.6,8.0,1.0,9.0,8.0,0.0,0.0,0.0,0.0,4.5,4.5,0.7,5.2,26.0,10.0,70.0,0.75,0.09,0.85,0.75,0.85,0.42,0.06,0.49,0.42,0.49,Matches,Liverpool
Conor Bradley,nir NIR,DF,22-171,11,9,642.0,7.1,0.0,0.0,0.0,0.0,0.0,0.0,5.0,0.0,0.1,0.1,0.7,0.8,18.0,29.0,30.0,0.0,0.0,0.0,0.0,0.0,0.01,0.1,0.11,0.01,0.11,Matches,Liverpool
Curtis Jones,eng ENG,MF,24-331,15,6,733.0,8.1,0.0,0.0,0.0,0.0,0.0,0.0,1.0,0.0,0.5,0.5,0.6,1.0,25.0,87.0,24.0,0.0,0.0,0.0,0.0,0.0,0.06,0.07,0.13,0.06,0.13,Matches,Liverpool
Alexander Isak,se SWE,FW,26-097,10,6,504.0,5.6,2.0,1.0,3.0,2.0,0.0,0.0,0.0,0.0,2.0,2.0,0.6,2.6,6.0,8.0,24.0,0.36,0.18,0.54,0.36,0.54,0.37,0.11,0.47,0.37,0.47,Matches,Liverpool
Giorgi Mamardashvili,ge GEO,GK,25-089,5,5,450.0,5.0,0.0,0.0,0.0,0.0,0.0,0.0,0.0,0.0,0.0,0.0,0.0,0.0,0.0,0.0,0.0,0.0,0.0,0.0,0.0,0.0,0.0,0.0,0.0,0.0,0.0,Matches,Liverpool
Andrew Robertson,sct SCO,DF,31-291,11,3,423.0,4.7,0.0,0.0,0.0,0.0,0.0,0.0,0.0,0.0,0.2,0.2,0.5,0.7,10.0,32.0,24.0,0.0,0.0,0.0,0.0,0.0,0.04,0.11,0.15,0.04,0.15,Matches,Liverpool
Joe Gomez,eng ENG,DF,28-218,8,3,249.0,2.8,0.0,2.0,2.0,0.0,0.0,0.0,2.0,0.0,0.2,0.2,0.7,0.9,2.0,10.0,13.0,0.0,0.72,0.72,0.0,0.72,0.07,0.24,0.31,0.07,0.31,Matches,Liverpool
Jeremie Frimpong,nl NED,"DF,FW",25-017,5,1,116.0,1.3,0.0,0.0,0.0,0.0,0.0,0.0,0.0,0.0,0.1,0.1,0.3,0.4,7.0,3.0,18.0,0.0,0.0,0.0,0.0,0.0,0.06,0.23,0.29,0.06,0.29,Matches,Liverpool
Federico Chiesa,it ITA,"FW,MF",28-063,12,0,162.0,1.8,2.0,1.0,3.0,2.0,0.0,0.0,2.0,0.0,1.2,1.2,1.3,2.5,6.0,8.0,14.0,1.11,0.56,1.67,1.11,1.67,0.69,0.7,1.39,0.69,1.39,Matches,Liverpool
Wataru Endo,jp JPN,"MF,DF",32-321,5,0,47.0,0.5,0.0,1.0,1.0,0.0,0.0,0.0,1.0,0.0,0.0,0.0,0.1,0.1,2.0,2.0,0.0,0.0,1.91,1.91,0.0,1.91,0.0,0.21,0.21,0.0,0.21,Matches,Liverpool
Rio Ngumoha,eng ENG,"FW,MF",17-120,5,0,46.0,0.5,1.0,0.0,1.0,1.0,0.0,0.0,0.0,0.0,0.4,0.4,0.1,0.5,6.0,0.0,15.0,1.96,0.0,1.96,1.96,1.96,0.7,0.24,0.93,0.7,0.93,Matches,Liverpool
Harvey Elliott,eng ENG,"MF,FW",22-267,1,0,1.0,0.0,0.0,0.0,0.0,0.0,0.0,0.0,0.0,0.0,0.0,0.0,0.0,0.0,0.0,0.0,1.0,0.0,0.0,0.0,0.0,0.0,0.0,0.0,0.0,0.0,0.0,Matches,Liverpool
Trey Nyoni,eng ENG,FW,18-180,1,0,1.0,0.0,0.0,0.0,0.0,0.0,0.0,0.0,0.0,0.0,0.0,0.0,0.0,0.0,0.0,0.0,0.0,0.0,0.0,0.0,0.0,0.0,0.0,0.0,0.0,0.0,0.0,Matches,Liverpool
Giovanni Leoni,it ITA,DF,19-006,0,0,,,,,,,,,,,,,,,,,,,,,,,,,,,,Matches,Liverpool
Kieran Morrison,nir NIR,MF,19-048,0,0,,,,,,,,,,,,,,,,,,,,,,,,,,,,Matches,Liverpool
Wellity Omoruyi,es ESP,DF,19-349,0,0,,,,,,,,,,,,,,,,,,,,,,,,,,,,Matches,Liverpool
Ármin Pécsi,hu HUN,GK,20-306,0,0,,,,,,,,,,,,,,,,,,,,,,,,,,,,Matches,Liverpool
Calvin Ramsay,sct SCO,DF,22-149,0,0,,,,,,,,,,,,,,,,,,,,,,,,,,,,Matches,Liverpool
Freddie Woodman,eng ENG,GK,28-298,0,0,,,,,,,,,,,,,,,,,,,,,,,,,,,,Matches,Liverpool
Squad Total,,,27.0,17,187,1530.0,17.0,27.0,18.0,45.0,26.0,1.0,1.0,33.0,0.0,26.6,25.9,20.6,46.5,384.0,874.0,870.0,1.59,1.06,2.65,1.53,2.59,1.56,1.21,2.78,1.52,2.74,,Liverpool
Opponent Total,,,26.6,17,187,1530.0,17.0,25.0,16.0,41.0,23.0,2.0,3.0,36.0,5.0,20.7,18.3,14.5,32.8,248.0,472.0,460.0,1.47,0.94,2.41,1.35,2.29,1.22,0.85,2.07,1.08,1.93,,Liverpool
Robin Roefs,nl NED,GK,22-344,17,17,1530.0,17.0,0.0,0.0,0.0,0.0,0.0,0.0,2.0,0.0,0.0,0.0,0.4,0.4,0.0,0.0,0.0,0.0,0.0,0.0,0.0,0.0,0.0,0.02,0.02,0.0,0.02,Matches,Sunderland
Granit Xhaka,ch SUI,MF,33-091,17,17,1512.0,16.8,1.0,4.0,5.0,1.0,0.0,0.0,4.0,0.0,0.5,0.5,1.7,2.3,12.0,98.0,16.0,0.06,0.24,0.3,0.06,0.3,0.03,0.1,0.14,0.03,0.14,Matches,Sunderland
Noah Sadiki,cd COD,MF,21-010,16,16,1412.0,15.7,0.0,0.0,0.0,0.0,0.0,0.0,4.0,0.0,0.3,0.3,0.4,0.6,30.0,47.0,39.0,0.0,0.0,0.0,0.0,0.0,0.02,0.02,0.04,0.02,0.04,Matches,Sunderland
Trai Hume,nir NIR,"DF,MF",23-284,17,15,1383.0,15.4,0.0,1.0,1.0,0.0,0.0,0.0,3.0,0.0,0.5,0.5,0.8,1.3,16.0,48.0,39.0,0.0,0.07,0.07,0.0,0.07,0.03,0.05,0.09,0.03,0.09,Matches,Sunderland
Nordi Mukiele,fr FRA,DF,28-056,15,15,1350.0,15.0,1.0,1.0,2.0,1.0,0.0,0.0,3.0,0.0,0.7,0.7,0.7,1.4,8.0,40.0,35.0,0.07,0.07,0.13,0.07,0.13,0.05,0.05,0.09,0.05,0.09,Matches,Sunderland
Enzo Le Fée,fr FRA,"MF,FW",25-327,16,14,1215.0,13.5,2.0,3.0,5.0,0.0,2.0,2.0,4.0,0.0,2.2,0.7,1.7,2.4,24.0,33.0,69.0,0.15,0.22,0.37,0.0,0.22,0.16,0.13,0.29,0.05,0.18,Matches,Sunderland
Daniel Ballard,nir NIR,DF,26-096,15,12,1122.0,12.5,2.0,0.0,2.0,2.0,0.0,0.0,2.0,0.0,1.4,1.4,0.7,2.1,6.0,29.0,4.0,0.16,0.0,0.16,0.16,0.16,0.11,0.06,0.17,0.11,0.17,Matches,Sunderland
Omar Alderete,py PAR,DF,29-001,13,12,1118.0,12.4,1.0,1.0,2.0,1.0,0.0,0.0,2.0,0.0,1.0,1.0,0.1,1.1,12.0,47.0,3.0,0.08,0.08,0.16,0.08,0.16,0.08,0.01,0.09,0.08,0.09,Matches,Sunderland
Reinildo Mandava,mz MOZ,DF,31-340,12,12,1022.0,11.4,0.0,0.0,0.0,0.0,0.0,0.0,4.0,1.0,0.1,0.1,0.0,0.1,18.0,41.0,25.0,0.0,0.0,0.0,0.0,0.0,0.01,0.0,0.01,0.01,0.01,Matches,Sunderland
Wilson Isidor,fr FRA,FW,25-122,17,11,921.0,10.2,4.0,0.0,4.0,4.0,0.0,0.0,1.0,0.0,3.3,3.3,0.0,3.3,9.0,9.0,42.0,0.39,0.0,0.39,0.39,0.39,0.32,0.0,0.32,0.32,0.32,Matches,Sunderland
Chemsdine Talbi,ma MAR,"FW,MF",20-232,16,9,886.0,9.8,2.0,1.0,3.0,2.0,0.0,0.0,0.0,0.0,1.2,1.2,0.3,1.5,24.0,10.0,55.0,0.2,0.1,0.3,0.2,0.3,0.12,0.03,0.15,0.12,0.15,Matches,Sunderland
Bertrand Traoré,bf BFA,"FW,MF",30-112,10,9,608.0,6.8,1.0,0.0,1.0,1.0,0.0,0.0,1.0,0.0,0.6,0.6,0.9,1.5,12.0,20.0,50.0,0.15,0.0,0.15,0.15,0.15,0.09,0.13,0.22,0.09,0.22,Matches,Sunderland
Lutsharel Geertruida,nl NED,"DF,MF",25-162,13,6,630.0,7.0,0.0,0.0,0.0,0.0,0.0,0.0,0.0,0.0,0.7,0.7,0.2,0.9,5.0,18.0,2.0,0.0,0.0,0.0,0.0,0.0,0.1,0.03,0.13,0.1,0.13,Matches,Sunderland
Simon Adingra,ci CIV,"FW,MF",23-360,10,5,382.0,4.2,0.0,0.0,0.0,0.0,0.0,0.0,1.0,0.0,0.1,0.1,0.6,0.7,17.0,5.0,41.0,0.0,0.0,0.0,0.0,0.0,0.03,0.14,0.17,0.03,0.17,Matches,Sunderland
Habib Diarra,sn SEN,MF,21-358,5,4,372.0,4.1,0.0,0.0,0.0,0.0,0.0,0.0,1.0,0.0,0.6,0.6,0.0,0.6,10.0,13.0,18.0,0.0,0.0,0.0,0.0,0.0,0.14,0.01,0.15,0.14,0.15,Matches,Sunderland
Chris Rigg,eng ENG,"MF,FW",18-192,7,4,250.0,2.8,0.0,0.0,0.0,0.0,0.0,0.0,0.0,0.0,0.3,0.3,0.1,0.4,1.0,4.0,12.0,0.0,0.0,0.0,0.0,0.0,0.11,0.03,0.14,0.11,0.14,Matches,Sunderland
Brian Brobbey,nl NED,FW,23-329,12,3,403.0,4.5,2.0,1.0,3.0,2.0,0.0,0.0,1.0,0.0,0.8,0.8,0.1,0.9,2.0,6.0,17.0,0.45,0.22,0.67,0.45,0.67,0.17,0.03,0.2,0.17,0.2,Matches,Sunderland
Eliezer Mayenda,es ESP,FW,20-233,8,3,265.0,2.9,1.0,0.0,1.0,1.0,0.0,0.0,0.0,0.0,0.5,0.5,0.5,0.9,3.0,3.0,8.0,0.34,0.0,0.34,0.34,0.34,0.16,0.16,0.32,0.16,0.32,Matches,Sunderland
Arthur Masuaku,cd COD,"DF,MF",32-050,3,2,126.0,1.4,0.0,0.0,0.0,0.0,0.0,0.0,1.0,0.0,0.1,0.1,0.1,0.1,2.0,5.0,5.0,0.0,0.0,0.0,0.0,0.0,0.05,0.05,0.1,0.05,0.1,Matches,Sunderland
Jenson Seelt,nl NED,DF,22-218,2,1,134.0,1.5,0.0,0.0,0.0,0.0,0.0,0.0,0.0,0.0,0.0,0.0,0.0,0.0,2.0,14.0,0.0,0.0,0.0,0.0,0.0,0.0,0.0,0.0,0.0,0.0,0.0,Matches,Sunderland
Romaine Mundle,eng ENG,"FW,MF",22-247,4,0,82.0,0.9,0.0,0.0,0.0,0.0,0.0,0.0,1.0,0.0,0.1,0.1,0.0,0.1,5.0,3.0,6.0,0.0,0.0,0.0,0.0,0.0,0.12,0.0,0.12,0.12,0.12,Matches,Sunderland
Patrick Roberts,eng ENG,"MF,FW",28-325,1,0,28.0,0.3,0.0,0.0,0.0,0.0,0.0,0.0,0.0,0.0,0.0,0.0,0.0,0.0,1.0,1.0,4.0,0.0,0.0,0.0,0.0,0.0,0.11,0.0,0.11,0.11,0.11,Matches,Sunderland
Marc Guiu,es ESP,FW,19-357,2,0,15.0,0.2,0.0,0.0,0.0,0.0,0.0,0.0,0.0,0.0,0.0,0.0,0.0,0.0,0.0,1.0,1.0,0.0,0.0,0.0,0.0,0.0,0.14,0.0,0.14,0.14,0.14,Matches,Sunderland
Luke O'Nien,eng ENG,"MF,DF",31-036,2,0,3.0,0.0,0.0,0.0,0.0,0.0,0.0,0.0,0.0,1.0,0.0,0.0,0.0,0.0,1.0,1.0,0.0,0.0,0.0,0.0,0.0,0.0,0.0,0.0,0.0,0.0,0.0,Matches,Sunderland
Dan Neil,eng ENG,MF,24-014,2,0,2.0,0.0,0.0,0.0,0.0,0.0,0.0,0.0,0.0,0.0,0.0,0.0,0.0,0.0,0.0,0.0,0.0,0.0,0.0,0.0,0.0,0.0,0.0,0.0,0.0,0.0,0.0,Matches,Sunderland
Dennis Cirkin,eng ENG,DF,23-265,0,0,,,,,,,,,,,,,,,,,,,,,,,,,,,,Matches,Sunderland
Leo Fuhr Hjelde,no NOR,DF,22-123,0,0,,,,,,,,,,,,,,,,,,,,,,,,,,,,Matches,Sunderland
Harrison Jones,eng ENG,MF,21-002,0,0,,,,,,,,,,,,,,,,,,,,,,,,,,,,Matches,Sunderland
Anthony Patterson,eng ENG,GK,25-231,0,0,,,,,,,,,,,,,,,,,,,,,,,,,,,,Matches,Sunderland
Squad Total,,,26.0,17,187,1530.0,17.0,17.0,12.0,29.0,15.0,2.0,2.0,35.0,2.0,14.7,13.1,9.3,22.4,220.0,496.0,491.0,1.0,0.71,1.71,0.88,1.59,0.87,0.55,1.41,0.77,1.32,,Sunderland
Opponent Total,,,26.8,17,187,1530.0,17.0,16.0,12.0,28.0,16.0,0.0,1.0,30.0,1.0,22.2,21.4,15.8,37.1,332.0,780.0,767.0,0.94,0.71,1.65,0.94,1.65,1.3,0.93,2.23,1.26,2.18,,Sunderland
Dean Henderson,eng ENG,GK,28-290,17,17,1530.0,17.0,0.0,0.0,0.0,0.0,0.0,0.0,2.0,0.0,0.0,0.0,0.0,0.0,0.0,2.0,0.0,0.0,0.0,0.0,0.0,0.0,0.0,0.0,0.0,0.0,0.0,Matches,Crystal Palace
Maxence Lacroix,fr FRA,DF,25-265,17,17,1530.0,17.0,0.0,2.0,2.0,0.0,0.0,0.0,2.0,0.0,0.6,0.6,0.8,1.4,3.0,26.0,7.0,0.0,0.12,0.12,0.0,0.12,0.03,0.05,0.08,0.03,0.08,Matches,Crystal Palace
Tyrick Mitchell,eng ENG,"DF,MF",26-117,17,17,1523.0,16.9,1.0,0.0,1.0,1.0,0.0,0.0,2.0,0.0,0.4,0.4,0.9,1.3,33.0,23.0,99.0,0.06,0.0,0.06,0.06,0.06,0.02,0.06,0.08,0.02,0.08,Matches,Crystal Palace
Chris Richards,us USA,DF,25-274,17,17,1522.0,16.9,0.0,0.0,0.0,0.0,0.0,0.0,0.0,0.0,0.4,0.4,0.3,0.7,7.0,33.0,7.0,0.0,0.0,0.0,0.0,0.0,0.02,0.02,0.04,0.02,0.04,Matches,Crystal Palace
Jean-Philippe Mateta,fr FRA,FW,28-182,17,17,1374.0,15.3,7.0,0.0,7.0,4.0,3.0,3.0,2.0,0.0,10.2,7.8,0.6,8.4,12.0,18.0,67.0,0.46,0.0,0.46,0.26,0.26,0.66,0.04,0.71,0.51,0.55,Matches,Crystal Palace
Marc Guéhi,eng ENG,DF,25-167,16,16,1440.0,16.0,2.0,2.0,4.0,2.0,0.0,0.0,3.0,0.0,1.3,1.3,1.5,2.8,19.0,80.0,7.0,0.12,0.12,0.25,0.12,0.25,0.08,0.1,0.17,0.08,0.17,Matches,Crystal Palace
Adam Wharton,eng ENG,MF,21-324,15,15,1206.0,13.4,0.0,2.0,2.0,0.0,0.0,0.0,2.0,0.0,0.7,0.7,3.3,4.1,15.0,75.0,11.0,0.0,0.15,0.15,0.0,0.15,0.06,0.25,0.3,0.06,0.3,Matches,Crystal Palace
Daniel Muñoz,co COL,"DF,MF",29-215,14,14,1259.0,14.0,3.0,2.0,5.0,3.0,0.0,0.0,4.0,0.0,1.8,1.8,2.5,4.3,21.0,29.0,75.0,0.21,0.14,0.36,0.21,0.36,0.13,0.18,0.31,0.13,0.31,Matches,Crystal Palace
Daichi Kamada,jp JPN,MF,29-144,14,14,1164.0,12.9,0.0,0.0,0.0,0.0,0.0,0.0,1.0,0.0,0.9,0.9,1.2,2.1,20.0,59.0,39.0,0.0,0.0,0.0,0.0,0.0,0.07,0.09,0.16,0.07,0.16,Matches,Crystal Palace
Yeremi Pino,es ESP,MF,23-068,15,13,1015.0,11.3,1.0,1.0,2.0,1.0,0.0,0.0,3.0,0.0,2.9,2.9,3.0,5.9,22.0,54.0,75.0,0.09,0.09,0.18,0.09,0.18,0.25,0.27,0.52,0.25,0.52,Matches,Crystal Palace
Ismaila Sarr,sn SEN,"MF,FW",27-305,12,12,1008.0,11.2,3.0,1.0,4.0,3.0,0.0,0.0,1.0,0.0,4.1,4.1,1.0,5.1,31.0,31.0,57.0,0.27,0.09,0.36,0.27,0.36,0.36,0.09,0.45,0.36,0.45,Matches,Crystal Palace
Will Hughes,eng ENG,MF,30-254,14,6,548.0,6.1,0.0,0.0,0.0,0.0,0.0,0.0,3.0,0.0,0.3,0.3,0.5,0.8,4.0,34.0,6.0,0.0,0.0,0.0,0.0,0.0,0.04,0.09,0.13,0.04,0.13,Matches,Crystal Palace
Jefferson Lerma,co COL,MF,31-063,15,4,543.0,6.0,0.0,1.0,1.0,0.0,0.0,0.0,3.0,0.0,0.6,0.6,0.5,1.1,3.0,28.0,6.0,0.0,0.17,0.17,0.0,0.17,0.09,0.09,0.18,0.09,0.18,Matches,Crystal Palace
Nathaniel Clyne,eng ENG,DF,34-266,4,3,221.0,2.5,0.0,0.0,0.0,0.0,0.0,0.0,0.0,0.0,0.4,0.4,0.1,0.4,3.0,8.0,13.0,0.0,0.0,0.0,0.0,0.0,0.16,0.02,0.18,0.16,0.18,Matches,Crystal Palace
Eddie Nketiah,eng ENG,"MF,FW",26-211,11,2,391.0,4.3,2.0,0.0,2.0,2.0,0.0,0.0,2.0,0.0,1.9,1.9,0.9,2.9,14.0,9.0,21.0,0.46,0.0,0.46,0.46,0.46,0.44,0.22,0.66,0.44,0.66,Matches,Crystal Palace
Justin Devenny,nir NIR,"MF,FW",22-077,13,1,220.0,2.4,1.0,0.0,1.0,0.0,1.0,1.0,0.0,0.0,1.6,0.9,0.1,1.0,7.0,5.0,13.0,0.41,0.0,0.41,0.0,0.0,0.67,0.05,0.72,0.35,0.4,Matches,Crystal Palace
Jaydee Canvot,fr FRA,DF,19-151,5,1,116.0,1.3,0.0,0.0,0.0,0.0,0.0,0.0,0.0,0.0,0.0,0.0,0.0,0.0,2.0,3.0,2.0,0.0,0.0,0.0,0.0,0.0,0.03,0.0,0.03,0.03,0.03,Matches,Crystal Palace
Eberechi Eze,eng ENG,MF,27-181,1,1,83.0,0.9,0.0,0.0,0.0,0.0,0.0,0.0,0.0,0.0,0.2,0.2,0.0,0.2,0.0,1.0,2.0,0.0,0.0,0.0,0.0,0.0,0.26,0.0,0.26,0.26,0.26,Matches,Crystal Palace
Christantus Uche,ng NGA,"FW,MF",22-222,7,0,77.0,0.9,0.0,0.0,0.0,0.0,0.0,0.0,0.0,0.0,0.1,0.1,0.0,0.1,2.0,1.0,7.0,0.0,0.0,0.0,0.0,0.0,0.17,0.0,0.17,0.17,0.17,Matches,Crystal Palace
Borna Sosa,hr CRO,DF,27-340,2,0,27.0,0.3,0.0,0.0,0.0,0.0,0.0,0.0,0.0,0.0,0.0,0.0,0.1,0.1,1.0,2.0,3.0,0.0,0.0,0.0,0.0,0.0,0.0,0.22,0.22,0.0,0.22,Matches,Crystal Palace
Romain Esse,eng ENG,FW,20-228,1,0,25.0,0.3,0.0,0.0,0.0,0.0,0.0,0.0,0.0,0.0,0.0,0.0,0.0,0.0,0.0,2.0,3.0,0.0,0.0,0.0,0.0,0.0,0.0,0.0,0.0,0.0,0.0,Matches,Crystal Palace
Joél Drakes-Thomas,eng ENG,MF,16-201,1,0,5.0,0.1,0.0,0.0,0.0,0.0,0.0,0.0,0.0,0.0,0.0,0.0,0.0,0.0,2.0,1.0,0.0,0.0,0.0,0.0,0.0,0.0,0.0,0.0,0.0,0.0,0.0,Matches,Crystal Palace
Odsonne Édouard,fr FRA,FW,27-345,1,0,3.0,0.0,0.0,0.0,0.0,0.0,0.0,0.0,0.0,0.0,0.0,0.0,0.0,0.0,0.0,0.0,0.0,0.0,0.0,0.0,0.0,0.0,0.0,0.0,0.0,0.0,0.0,Matches,Crystal Palace
Walter Benítez,ar ARG,GK,32-342,0,0,,,,,,,,,,,,,,,,,,,,,,,,,,,,Matches,Crystal Palace
Rio Cardines,tt TRI,MF,19-179,0,0,,,,,,,,,,,,,,,,,,,,,,,,,,,,Matches,Crystal Palace
Remi Matthews,eng ENG,GK,31-320,0,0,,,,,,,,,,,,,,,,,,,,,,,,,,,,Matches,Crystal Palace
Jesurun Rak Sakyi,eng ENG,"FW,MF",23-083,0,0,,,,,,,,,,,,,,,,,,,,,,,,,,,,Matches,Crystal Palace
Kaden Rodney,eng ENG,"DF,MF",21-081,0,0,,,,,,,,,,,,,,,,,,,,,,,,,,,,Matches,Crystal Palace
Squad Total,,,26.9,17,187,1530.0,17.0,20.0,11.0,31.0,16.0,4.0,4.0,30.0,0.0,27.7,24.7,17.4,42.1,221.0,524.0,520.0,1.18,0.65,1.82,0.94,1.59,1.63,1.03,2.66,1.45,2.48,,Crystal Palace
Opponent Total,,,26.8,17,187,1530.0,17.0,19.0,9.0,28.0,17.0,2.0,2.0,32.0,0.0,21.1,19.6,12.0,31.6,256.0,678.0,674.0,1.12,0.53,1.65,1.0,1.53,1.24,0.71,1.95,1.15,1.86,,Crystal Palace
Bart Verbruggen,nl NED,GK,23-131,17,17,1530.0,17.0,0.0,0.0,0.0,0.0,0.0,0.0,2.0,0.0,0.0,0.0,0.1,0.1,0.0,0.0,0.0,0.0,0.0,0.0,0.0,0.0,0.0,0.01,0.01,0.0,0.01,Matches,Brighton
Yankuba Minteh,gm GAM,FW,21-158,17,17,1439.0,16.0,1.0,4.0,5.0,1.0,0.0,0.0,0.0,0.0,2.6,2.6,4.5,7.1,78.0,23.0,163.0,0.06,0.25,0.31,0.06,0.31,0.16,0.28,0.44,0.16,0.44,Matches,Brighton
Jan Paul van Hecke,nl NED,DF,25-202,16,16,1440.0,16.0,3.0,1.0,4.0,3.0,0.0,0.0,3.0,0.0,1.6,1.6,0.2,1.8,45.0,117.0,5.0,0.19,0.06,0.25,0.19,0.25,0.1,0.01,0.11,0.1,0.11,Matches,Brighton
Lewis Dunk,eng ENG,DF,34-036,16,15,1395.0,15.5,0.0,0.0,0.0,0.0,0.0,0.0,5.0,0.0,0.6,0.6,0.1,0.6,10.0,49.0,1.0,0.0,0.0,0.0,0.0,0.0,0.04,0.0,0.04,0.04,0.04,Matches,Brighton
Carlos Baleba,cm CMR,MF,21-358,16,14,896.0,10.0,0.0,0.0,0.0,0.0,0.0,0.0,4.0,0.0,0.2,0.2,0.1,0.3,10.0,24.0,8.0,0.0,0.0,0.0,0.0,0.0,0.02,0.01,0.03,0.02,0.03,Matches,Brighton
Ferdi Kadioglu,tr TUR,"DF,FW",26-081,16,13,1245.0,13.8,0.0,0.0,0.0,0.0,0.0,0.0,4.0,0.0,0.6,0.6,0.5,1.1,45.0,59.0,64.0,0.0,0.0,0.0,0.0,0.0,0.05,0.04,0.08,0.05,0.08,Matches,Brighton
Mats Wieffer,nl NED,DF,26-041,15,13,1136.0,12.6,0.0,3.0,3.0,0.0,0.0,0.0,4.0,0.0,1.0,1.0,3.0,4.0,25.0,72.0,43.0,0.0,0.24,0.24,0.0,0.24,0.08,0.24,0.31,0.08,0.31,Matches,Brighton
Georginio Rutter,fr FRA,"MF,FW",23-251,15,13,1082.0,12.0,1.0,2.0,3.0,1.0,0.0,0.0,2.0,0.0,1.7,1.7,2.4,4.1,24.0,57.0,56.0,0.08,0.17,0.25,0.08,0.25,0.14,0.2,0.34,0.14,0.34,Matches,Brighton
Yasin Ayari,se SWE,MF,22-082,15,12,1169.0,13.0,1.0,0.0,1.0,1.0,0.0,0.0,0.0,0.0,1.8,1.8,0.4,2.1,11.0,40.0,18.0,0.08,0.0,0.08,0.08,0.08,0.14,0.03,0.16,0.14,0.16,Matches,Brighton
Danny Welbeck,eng ENG,FW,35-031,16,11,989.0,11.0,7.0,0.0,7.0,7.0,0.0,1.0,2.0,0.0,5.6,4.8,0.3,5.1,8.0,9.0,42.0,0.64,0.0,0.64,0.64,0.64,0.51,0.03,0.54,0.44,0.47,Matches,Brighton
Diego Gómez,py PAR,"MF,FW",22-275,15,11,959.0,10.7,2.0,0.0,2.0,2.0,0.0,0.0,5.0,0.0,3.7,3.7,1.3,5.0,10.0,26.0,32.0,0.19,0.0,0.19,0.19,0.19,0.34,0.13,0.47,0.34,0.47,Matches,Brighton
Maxim De Cuyper,be BEL,"DF,FW",25-005,14,9,767.0,8.5,2.0,0.0,2.0,2.0,0.0,0.0,1.0,0.0,1.4,1.4,1.6,3.0,15.0,40.0,42.0,0.23,0.0,0.23,0.23,0.23,0.16,0.19,0.35,0.16,0.35,Matches,Brighton
Kaoru Mitoma,jp JPN,FW,28-221,8,6,562.0,6.2,1.0,1.0,2.0,1.0,0.0,0.0,1.0,0.0,0.9,0.9,1.3,2.2,18.0,16.0,53.0,0.16,0.16,0.32,0.16,0.32,0.15,0.2,0.35,0.15,0.35,Matches,Brighton
Brajan Gruda,de GER,"MF,FW",21-210,13,5,476.0,5.3,1.0,1.0,2.0,1.0,0.0,0.0,2.0,0.0,1.6,1.6,0.8,2.4,16.0,19.0,43.0,0.19,0.19,0.38,0.19,0.38,0.31,0.15,0.46,0.31,0.46,Matches,Brighton
Jack Hinshelwood,eng ENG,MF,20-260,9,4,412.0,4.6,1.0,1.0,2.0,1.0,0.0,0.0,0.0,0.0,0.4,0.4,0.2,0.6,7.0,15.0,5.0,0.22,0.22,0.44,0.22,0.44,0.08,0.05,0.13,0.08,0.13,Matches,Brighton
Joël Veltman,nl NED,DF,33-346,9,4,407.0,4.5,0.0,0.0,0.0,0.0,0.0,0.0,3.0,0.0,0.0,0.0,0.3,0.3,8.0,20.0,7.0,0.0,0.0,0.0,0.0,0.0,0.0,0.06,0.06,0.0,0.06,Matches,Brighton
Matt O'Riley,dk DEN,MF,25-036,2,2,177.0,2.0,1.0,0.0,1.0,0.0,1.0,1.0,0.0,0.0,1.2,0.4,0.2,0.6,0.0,5.0,11.0,0.51,0.0,0.51,0.0,0.0,0.61,0.1,0.72,0.21,0.32,Matches,Brighton
Olivier Boscagli,fr FRA,DF,28-039,3,2,143.0,1.6,0.0,0.0,0.0,0.0,0.0,0.0,1.0,0.0,0.0,0.0,0.0,0.0,6.0,14.0,4.0,0.0,0.0,0.0,0.0,0.0,0.0,0.0,0.0,0.0,0.0,Matches,Brighton
James Milner,eng ENG,MF,39-357,9,1,217.0,2.4,1.0,1.0,2.0,0.0,1.0,1.0,1.0,0.0,0.8,0.0,0.2,0.3,4.0,15.0,5.0,0.41,0.41,0.83,0.0,0.41,0.34,0.1,0.44,0.01,0.11,Matches,Brighton
Stefanos Tzimas,gr GRE,"FW,MF",19-355,9,1,139.0,1.5,1.0,1.0,2.0,1.0,0.0,0.0,0.0,0.0,0.5,0.5,0.5,0.9,1.0,1.0,8.0,0.65,0.65,1.29,0.65,1.29,0.3,0.3,0.6,0.3,0.6,Matches,Brighton
Diego Coppola,it ITA,DF,21-364,4,1,108.0,1.2,0.0,0.0,0.0,0.0,0.0,0.0,1.0,0.0,0.0,0.0,0.0,0.0,2.0,8.0,0.0,0.0,0.0,0.0,0.0,0.0,0.0,0.0,0.0,0.0,0.0,Matches,Brighton
Charalampos Kostoulas,gr GRE,"FW,MF",18-211,8,0,94.0,1.0,1.0,0.0,1.0,1.0,0.0,0.0,0.0,0.0,0.7,0.7,0.8,1.5,6.0,2.0,13.0,0.96,0.0,0.96,0.96,0.96,0.63,0.79,1.42,0.63,1.42,Matches,Brighton
Tom Watson,eng ENG,FW,19-263,3,0,46.0,0.5,0.0,0.0,0.0,0.0,0.0,0.0,0.0,0.0,0.0,0.0,0.0,0.0,2.0,1.0,3.0,0.0,0.0,0.0,0.0,0.0,0.07,0.0,0.07,0.07,0.07,Matches,Brighton
Joe Knight,eng ENG,MF,20-097,1,0,1.0,0.0,0.0,0.0,0.0,0.0,0.0,0.0,0.0,0.0,0.0,0.0,0.0,0.0,0.0,0.0,0.0,0.0,0.0,0.0,0.0,0.0,0.0,0.0,0.0,0.0,0.0,Matches,Brighton
Nehemiah Oriola,eng ENG,MF,18-199,1,0,1.0,0.0,0.0,0.0,0.0,0.0,0.0,0.0,0.0,0.0,0.0,0.0,0.0,0.0,0.0,0.0,0.0,0.0,0.0,0.0,0.0,0.0,0.0,0.0,0.0,0.0,0.0,Matches,Brighton
Freddie Simmonds,eng ENG,DF,17-293,0,0,,,,,,,,,,,,,,,,,,,,,,,,,,,,Matches,Brighton
Jason Steele,eng ENG,GK,35-131,0,0,,,,,,,,,,,,,,,,,,,,,,,,,,,,Matches,Brighton
Squad Total,,,25.8,17,187,1530.0,17.0,24.0,15.0,39.0,22.0,2.0,3.0,41.0,0.0,26.5,24.2,18.6,42.8,351.0,632.0,626.0,1.41,0.88,2.29,1.29,2.18,1.56,1.09,2.65,1.43,2.52,,Brighton
Opponent Total,,,26.6,17,187,1530.0,17.0,21.0,16.0,37.0,19.0,2.0,3.0,34.0,1.0,22.5,20.2,16.2,36.4,274.0,554.0,551.0,1.24,0.94,2.18,1.12,2.06,1.33,0.95,2.28,1.19,2.14,,Brighton
Jordan Pickford,eng ENG,GK,31-295,17,17,1530.0,17.0,0.0,0.0,0.0,0.0,0.0,0.0,0.0,0.0,0.0,0.0,0.0,0.0,0.0,0.0,0.0,0.0,0.0,0.0,0.0,0.0,0.0,0.0,0.0,0.0,0.0,Matches,Everton
James Tarkowski,eng ENG,DF,33-038,17,17,1530.0,17.0,0.0,1.0,1.0,0.0,0.0,0.0,4.0,0.0,0.6,0.6,1.0,1.7,7.0,53.0,7.0,0.0,0.06,0.06,0.0,0.06,0.04,0.06,0.1,0.04,0.1,Matches,Everton
James Garner,eng ENG,"MF,DF",24-289,17,17,1523.0,16.9,1.0,2.0,3.0,1.0,0.0,0.0,4.0,0.0,1.2,1.2,1.5,2.7,18.0,90.0,27.0,0.06,0.12,0.18,0.06,0.18,0.07,0.09,0.16,0.07,0.16,Matches,Everton
Michael Keane,eng ENG,DF,32-350,16,16,1414.0,15.7,2.0,0.0,2.0,2.0,0.0,0.0,0.0,0.0,1.1,1.1,0.1,1.2,4.0,36.0,4.0,0.13,0.0,0.13,0.13,0.13,0.07,0.01,0.08,0.07,0.08,Matches,Everton
Iliman Ndiaye,sn SEN,FW,25-296,16,16,1341.0,14.9,4.0,2.0,6.0,3.0,1.0,1.0,2.0,0.0,3.2,2.4,2.6,5.0,53.0,26.0,97.0,0.27,0.13,0.4,0.2,0.34,0.21,0.18,0.39,0.16,0.34,Matches,Everton
Jake O'Brien,ie IRL,DF,24-226,17,15,1400.0,15.6,0.0,1.0,1.0,0.0,0.0,0.0,1.0,0.0,0.6,0.6,0.2,0.8,11.0,39.0,32.0,0.0,0.06,0.06,0.0,0.06,0.04,0.01,0.05,0.04,0.05,Matches,Everton
Jack Grealish,eng ENG,FW,30-108,16,15,1339.0,14.9,2.0,4.0,6.0,2.0,0.0,0.0,3.0,0.0,2.0,2.0,3.7,5.7,78.0,59.0,121.0,0.13,0.27,0.4,0.13,0.4,0.13,0.25,0.38,0.13,0.38,Matches,Everton
Kiernan Dewsbury-Hall,eng ENG,MF,27-112,15,15,1257.0,14.0,4.0,2.0,6.0,4.0,0.0,0.0,5.0,0.0,1.6,1.6,2.9,4.5,23.0,73.0,58.0,0.29,0.14,0.43,0.29,0.43,0.11,0.21,0.32,0.11,0.32,Matches,Everton
Vitaliy Mykolenko,ua UKR,DF,26-212,14,14,1255.0,13.9,0.0,0.0,0.0,0.0,0.0,0.0,4.0,0.0,0.1,0.1,0.5,0.6,16.0,69.0,48.0,0.0,0.0,0.0,0.0,0.0,0.01,0.03,0.04,0.01,0.04,Matches,Everton
Idrissa Gana Gueye,sn SEN,MF,36-092,13,13,1051.0,11.7,2.0,0.0,2.0,2.0,0.0,0.0,0.0,1.0,1.1,1.1,0.3,1.4,5.0,55.0,17.0,0.17,0.0,0.17,0.17,0.17,0.09,0.03,0.12,0.09,0.12,Matches,Everton
Thierno Barry,fr FRA,FW,23-067,17,10,824.0,9.2,1.0,0.0,1.0,1.0,0.0,0.0,2.0,0.0,2.7,2.7,0.4,3.1,6.0,5.0,44.0,0.11,0.0,0.11,0.11,0.11,0.3,0.04,0.34,0.3,0.34,Matches,Everton
Beto,gw GNB,FW,27-330,17,7,711.0,7.9,1.0,0.0,1.0,1.0,0.0,0.0,1.0,0.0,4.3,4.3,0.4,4.7,3.0,2.0,31.0,0.13,0.0,0.13,0.13,0.13,0.54,0.05,0.59,0.54,0.59,Matches,Everton
Tim Iroegbunam,eng ENG,MF,22-180,13,7,583.0,6.5,0.0,1.0,1.0,0.0,0.0,0.0,5.0,0.0,0.2,0.2,0.2,0.4,5.0,21.0,13.0,0.0,0.15,0.15,0.0,0.15,0.03,0.03,0.06,0.03,0.06,Matches,Everton
Carlos Alcaraz,ar ARG,"MF,FW",23-027,14,5,595.0,6.6,0.0,1.0,1.0,0.0,0.0,0.0,3.0,0.0,0.9,0.9,0.8,1.7,7.0,17.0,22.0,0.0,0.15,0.15,0.0,0.15,0.13,0.13,0.25,0.13,0.25,Matches,Everton
Dwight McNeil,eng ENG,"FW,MF",26-035,8,1,172.0,1.9,0.0,0.0,0.0,0.0,0.0,0.0,0.0,0.0,0.2,0.2,0.3,0.6,2.0,6.0,10.0,0.0,0.0,0.0,0.0,0.0,0.13,0.17,0.3,0.13,0.3,Matches,Everton
Tyler Dibling,eng ENG,FW,19-290,8,1,104.0,1.2,0.0,0.0,0.0,0.0,0.0,0.0,1.0,0.0,0.0,0.0,0.0,0.0,3.0,0.0,6.0,0.0,0.0,0.0,0.0,0.0,0.0,0.04,0.04,0.0,0.04,Matches,Everton
Séamus Coleman,ie IRL,"DF,FW",37-077,3,1,11.0,0.1,0.0,0.0,0.0,0.0,0.0,0.0,0.0,0.0,0.0,0.0,0.0,0.0,0.0,1.0,0.0,0.0,0.0,0.0,0.0,0.0,0.0,0.0,0.0,0.0,0.0,Matches,Everton
Merlin Röhl,de GER,"MF,FW",23-175,5,0,111.0,1.2,0.0,0.0,0.0,0.0,0.0,0.0,0.0,0.0,0.4,0.4,0.1,0.5,4.0,4.0,8.0,0.0,0.0,0.0,0.0,0.0,0.35,0.06,0.41,0.35,0.41,Matches,Everton
Harrison Armstrong,eng ENG,FW,18-342,1,0,1.0,0.0,0.0,0.0,0.0,0.0,0.0,0.0,0.0,0.0,0.0,0.0,0.0,0.0,0.0,0.0,0.0,0.0,0.0,0.0,0.0,0.0,0.0,0.0,0.0,0.0,0.0,Matches,Everton
Adam Aznou,ma MAR,DF,19-208,0,0,,,,,,,,,,,,,,,,,,,,,,,,,,,,Matches,Everton
Elijah Campbell,eng ENG,DF,21-147,0,0,,,,,,,,,,,,,,,,,,,,,,,,,,,,Matches,Everton
Youssef Chermiti,pt POR,FW,21-217,0,0,,,,,,,,,,,,,,,,,,,,,,,,,,,,Matches,Everton
Tom King,wls WAL,GK,30-293,0,0,,,,,,,,,,,,,,,,,,,,,,,,,,,,Matches,Everton
Tyler Onyango,eng ENG,MF,22-298,0,0,,,,,,,,,,,,,,,,,,,,,,,,,,,,Matches,Everton
Nathan Patterson,sct SCO,DF,24-072,0,0,,,,,,,,,,,,,,,,,,,,,,,,,,,,Matches,Everton
Mark Travers,ie IRL,GK,26-223,0,0,,,,,,,,,,,,,,,,,,,,,,,,,,,,Matches,Everton
Harry Tyrer,eng ENG,GK,24-021,0,0,,,,,,,,,,,,,,,,,,,,,,,,,,,,Matches,Everton
Reece Welch,eng ENG,DF,22-099,0,0,,,,,,,,,,,,,,,,,,,,,,,,,,,,Matches,Everton
Squad Total,,,28.3,17,187,1530.0,17.0,17.0,14.0,31.0,16.0,1.0,1.0,35.0,1.0,19.7,19.0,15.0,34.0,245.0,556.0,545.0,1.0,0.82,1.82,0.94,1.76,1.16,0.88,2.04,1.11,2.0,,Everton
Opponent Total,,,26.4,17,187,1530.0,17.0,20.0,17.0,37.0,18.0,2.0,3.0,31.0,0.0,23.9,21.7,16.3,38.0,304.0,697.0,694.0,1.18,1.0,2.18,1.06,2.06,1.41,0.96,2.37,1.27,2.23,,Everton
Bruno Guimarães,br BRA,MF,28-041,17,16,1478,16.4,5,2,7,5,0,0,4,0,2.4,2.4,1.2,3.5,24,136,49,0.30,0.12,0.43,0.30,0.43,0.14,0.07,0.22,0.14,0.22,Matches,Newcastle Utd
Dan Burn,eng ENG,DF,33-232,15,15,1255,13.9,0,2,2,0,0,0,5,1,0.1,0.1,0.3,0.4,5,39,24,0.00,0.14,0.14,0.00,0.14,0.01,0.02,0.03,0.01,0.03,Matches,Newcastle Utd
Sandro Tonali,it ITA,MF,25-233,18,15,1231,13.7,0,1,1,0,0,0,2,0,0.4,0.4,1.9,2.3,23,100,25,0.00,0.07,0.07,0.00,0.07,0.03,0.14,0.17,0.03,0.17,Matches,Newcastle Utd
Nick Woltemade,de GER,FW,23-316,15,15,1161,12.9,7,1,8,6,1,1,0,0,5.9,5.1,0.9,6.0,5,15,54,0.54,0.08,0.62,0.47,0.54,0.46,0.07,0.53,0.40,0.47,Matches,Newcastle Utd
Malick Thiaw,de GER,DF,24-141,15,14,1263,14.0,2,0,2,2,0,0,2,0,1.2,1.2,0.3,1.5,15,64,13,0.14,0.00,0.14,0.14,0.14,0.08,0.02,0.11,0.08,0.11,Matches,Newcastle Utd
Nick Pope,eng ENG,GK,33-252,12,12,1066,11.8,0,0,0,0,0,0,1,0,0.0,0.0,0.0,0.0,0,0,0,0.00,0.00,0.00,0.00,0.00,0.00,0.00,0.00,0.00,0.00,Matches,Newcastle Utd
Joelinton,br BRA,MF,29-135,14,12,957,10.6,0,0,0,0,0,0,3,0,0.9,0.9,1.1,2.0,15,53,45,0.00,0.00,0.00,0.00,0.00,0.09,0.10,0.19,0.09,0.19,Matches,Newcastle Utd
Valentino Livramento,eng ENG,DF,23-045,11,11,976,10.8,0,1,1,0,0,0,1,0,0.1,0.1,0.3,0.5,19,47,66,0.00,0.09,0.09,0.00,0.09,0.01,0.03,0.04,0.01,0.04,Matches,Newcastle Utd
Jacob Murphy,eng ENG,FW,30-306,15,11,894,9.9,2,1,3,2,0,0,0,0,2.5,2.5,3.4,6.0,25,32,110,0.20,0.10,0.30,0.20,0.30,0.25,0.35,0.60,0.25,0.60,Matches,Newcastle Utd
Anthony Gordon,eng ENG,FW,24-306,13,11,777,8.6,2,1,3,0,2,2,0,1,4.2,2.6,2.2,4.8,41,37,69,0.23,0.12,0.35,0.00,0.12,0.48,0.26,0.74,0.30,0.56,Matches,Newcastle Utd
Fabian Schär,ch SUI,DF,34-007,13,8,836,9.3,0,0,0,0,0,0,1,0,0.6,0.6,0.1,0.7,6,42,7,0.00,0.00,0.00,0.00,0.00,0.06,0.01,0.08,0.06,0.08,Matches,Newcastle Utd
Kieran Trippier,eng ENG,DF,35-099,9,8,699,7.8,0,0,0,0,0,0,1,0,0.0,0.0,0.8,0.8,11,75,40,0.00,0.00,0.00,0.00,0.00,0.00,0.10,0.10,0.00,0.10,Matches,Newcastle Utd
Sven Botman,nl NED,DF,25-349,10,8,656,7.3,0,0,0,0,0,0,0,0,0.1,0.1,0.6,0.7,1,22,3,0.00,0.00,0.00,0.00,0.00,0.02,0.08,0.09,0.02,0.09,Matches,Newcastle Utd
Harvey Barnes,eng ENG,FW,28-018,17,7,762,8.5,3,0,3,3,0,0,0,0,3.5,3.5,1.3,4.8,31,28,85,0.35,0.00,0.35,0.35,0.35,0.41,0.15,0.56,0.41,0.56,Matches,Newcastle Utd
Lewis Miley,eng ENG,"MF,DF",19-240,14,7,752,8.4,1,2,3,1,0,0,0,0,0.7,0.7,0.7,1.4,6,25,17,0.12,0.24,0.36,0.12,0.36,0.08,0.09,0.17,0.08,0.17,Matches,Newcastle Utd
Lewis Hall,eng ENG,DF,21-110,11,7,702,7.8,0,1,1,0,0,0,1,0,0.4,0.4,0.4,0.8,13,49,31,0.00,0.13,0.13,0.00,0.13,0.05,0.06,0.11,0.05,0.11,Matches,Newcastle Utd
Anthony Elanga,se SWE,"FW,MF",23-244,17,7,684,7.6,0,1,1,0,0,0,0,0,1.1,1.1,1.1,2.2,29,19,98,0.00,0.13,0.13,0.00,0.13,0.15,0.15,0.29,0.15,0.29,Matches,Newcastle Utd
Aaron Ramsdale,eng ENG,GK,27-227,7,6,554,6.2,0,0,0,0,0,0,0,0,0.0,0.0,0.1,0.1,0,0,0,0.00,0.00,0.00,0.00,0.00,0.00,0.02,0.02,0.00,0.02,Matches,Newcastle Utd
Jacob Ramsey,eng ENG,MF,24-213,9,4,457,5.1,0,0,0,0,0,0,2,0,0.3,0.3,0.6,1.0,13,23,39,0.00,0.00,0.00,0.00,0.00,0.07,0.12,0.19,0.07,0.19,Matches,Newcastle Utd
Joe Willock,eng ENG,MF,26-129,9,2,237,2.6,0,0,0,0,0,0,1,0,0.2,0.2,0.3,0.4,13,11,15,0.00,0.00,0.00,0.00,0.00,0.06,0.11,0.17,0.06,0.17,Matches,Newcastle Utd
William Osula,dk DEN,FW,22-145,10,1,219,2.4,1,0,1,1,0,0,0,0,0.6,0.6,0.1,0.7,4,2,12,0.41,0.00,0.41,0.41,0.41,0.27,0.03,0.30,0.27,0.30,Matches,Newcastle Utd
Emil Krafth,se SWE,DF,31-147,1,1,45,0.5,0,0,0,0,0,0,0,0,0.0,0.0,0.0,0.0,0,2,5,0.00,0.00,0.00,0.00,0.00,0.00,0.00,0.00,0.00,0.00,Matches,Newcastle Utd
Yoane Wissa,cd COD,FW,29-115,4,0,74,0.8,0,0,0,0,0,0,1,0,0.1,0.1,0.2,0.3,1,1,5,0.00,0.00,0.00,0.00,0.00,0.17,0.19,0.36,0.17,0.36,Matches,Newcastle Utd
Jamaal Lascelles,eng ENG,DF,32-046,2,0,21,0.2,0,0,0,0,0,0,0,0,0.0,0.0,0.0,0.0,0,0,1,0.00,0.00,0.00,0.00,0.00,0.16,0.00,0.16,0.16,0.16,Matches,Newcastle Utd
Adedamola Alabi,eng ENG,MF,16-171,0,0,,,,,,,,,,,,,,,,,,,,,,,,,,,,Matches,Newcastle Utd
Alex Murphy,ie IRL,DF,21-185,0,0,,,,,,,,,,,,,,,,,,,,,,,,,,,,Matches,Newcastle Utd
Sean Neave,eng ENG,FW,18-214,0,0,,,,,,,,,,,,,,,,,,,,,,,,,,,,Matches,Newcastle Utd
John Ruddy,eng ENG,GK,39-064,0,0,,,,,,,,,,,,,,,,,,,,,,,,,,,,Matches,Newcastle Utd
Park Seungsoo,kr KOR,MF,18-285,0,0,,,,,,,,,,,,,,,,,,,,,,,,,,,,Matches,Newcastle Utd
Leo Shahar,eng ENG,DF,18-284,0,0,,,,,,,,,,,,,,,,,,,,,,,,,,,,Matches,Newcastle Utd
Squad Total,,,27.4,18,198,1620,18.0,23,13,36,20,3,3,25,2,24.3,22.0,17.8,39.7,300,822,813,1.28,0.72,2.00,1.11,1.83,1.35,0.99,2.34,1.22,2.21,,Newcastle Utd
Opponent Total,,,26.6,18,198,1620,18.0,21,10,31,19,2,2,42,2,19.5,18.0,13.8,31.7,292,625,618,1.17,0.56,1.72,1.06,1.61,1.08,0.76,1.85,1.00,1.76,,Newcastle Utd
Sepp van den Berg,nl NED,DF,24-007,17,17,1530.0,17.0,0.0,0.0,0.0,0.0,0.0,0.0,1.0,0.0,1.6,1.6,0.5,2.1,13.0,35.0,9.0,0.0,0.0,0.0,0.0,0.0,0.1,0.03,0.13,0.1,0.13,Matches,Brentford
Caoimhín Kelleher,ie IRL,GK,27-034,17,17,1530.0,17.0,0.0,0.0,0.0,0.0,0.0,0.0,1.0,0.0,0.0,0.0,0.0,0.0,0.0,1.0,0.0,0.0,0.0,0.0,0.0,0.0,0.0,0.0,0.0,0.0,0.0,Matches,Brentford
Michael Kayode,it ITA,DF,21-170,17,17,1477.0,16.4,0.0,0.0,0.0,0.0,0.0,0.0,3.0,0.0,0.2,0.2,1.7,1.9,32.0,32.0,71.0,0.0,0.0,0.0,0.0,0.0,0.01,0.1,0.12,0.01,0.12,Matches,Brentford
Nathan Collins,ie IRL,DF,24-241,17,16,1457.0,16.2,0.0,0.0,0.0,0.0,0.0,0.0,4.0,0.0,1.1,1.1,1.0,2.1,7.0,49.0,3.0,0.0,0.0,0.0,0.0,0.0,0.07,0.06,0.13,0.07,0.13,Matches,Brentford
Thiago,br BRA,FW,24-184,17,16,1402.0,15.6,11.0,0.0,11.0,6.0,5.0,6.0,3.0,0.0,8.7,4.0,1.2,5.2,6.0,17.0,47.0,0.71,0.0,0.71,0.39,0.39,0.56,0.08,0.64,0.26,0.34,Matches,Brentford
Kevin Schade,de GER,FW,24-030,16,15,1323.0,14.7,3.0,1.0,4.0,3.0,0.0,1.0,5.0,0.0,3.9,3.1,1.7,4.7,23.0,15.0,56.0,0.2,0.07,0.27,0.2,0.27,0.26,0.11,0.38,0.21,0.32,Matches,Brentford
Yehor Yarmoliuk,ua UKR,MF,21-301,17,15,1220.0,13.6,0.0,1.0,1.0,0.0,0.0,0.0,3.0,0.0,0.3,0.3,0.5,0.8,14.0,44.0,18.0,0.0,0.07,0.07,0.0,0.07,0.02,0.03,0.06,0.02,0.06,Matches,Brentford
Jordan Henderson,eng ENG,MF,35-193,16,14,1220.0,13.6,1.0,3.0,4.0,1.0,0.0,0.0,3.0,0.0,0.3,0.3,1.6,2.0,6.0,69.0,16.0,0.07,0.22,0.3,0.07,0.3,0.02,0.12,0.15,0.02,0.15,Matches,Brentford
Dango Ouattara,bf BFA,FW,23-319,15,12,1062.0,11.8,3.0,0.0,3.0,3.0,0.0,0.0,3.0,0.0,3.5,3.5,1.1,4.6,28.0,18.0,80.0,0.25,0.0,0.25,0.25,0.25,0.29,0.09,0.39,0.29,0.39,Matches,Brentford
Mikkel Damsgaard,dk DEN,MF,25-177,15,12,1032.0,11.5,1.0,2.0,3.0,1.0,0.0,0.0,0.0,0.0,1.0,1.0,2.2,3.2,18.0,58.0,49.0,0.09,0.17,0.26,0.09,0.26,0.09,0.19,0.28,0.09,0.28,Matches,Brentford
Keane Lewis-Potter,eng ENG,"FW,DF",24-308,15,7,647.0,7.2,2.0,1.0,3.0,2.0,0.0,0.0,1.0,0.0,0.9,0.9,0.8,1.7,15.0,16.0,37.0,0.28,0.14,0.42,0.28,0.42,0.12,0.12,0.24,0.12,0.24,Matches,Brentford
Kristoffer Ajer,no NOR,DF,27-254,11,7,613.0,6.8,0.0,1.0,1.0,0.0,0.0,0.0,1.0,0.0,0.5,0.5,0.7,1.2,6.0,20.0,9.0,0.0,0.15,0.15,0.0,0.15,0.07,0.1,0.18,0.07,0.18,Matches,Brentford
Mathias Jensen,dk DEN,MF,29-360,15,6,547.0,6.1,2.0,0.0,2.0,2.0,0.0,0.0,0.0,0.0,0.6,0.6,0.2,0.8,4.0,35.0,15.0,0.33,0.0,0.33,0.33,0.33,0.1,0.03,0.13,0.1,0.13,Matches,Brentford
Aaron Hickey,sct SCO,DF,23-200,10,5,416.0,4.6,0.0,0.0,0.0,0.0,0.0,0.0,1.0,0.0,0.4,0.4,0.0,0.4,2.0,13.0,11.0,0.0,0.0,0.0,0.0,0.0,0.08,0.0,0.08,0.08,0.08,Matches,Brentford
Rico Henry,jm JAM,DF,28-172,13,3,448.0,5.0,0.0,0.0,0.0,0.0,0.0,0.0,2.0,0.0,0.1,0.1,0.1,0.3,15.0,12.0,24.0,0.0,0.0,0.0,0.0,0.0,0.03,0.03,0.05,0.03,0.05,Matches,Brentford
Vitaly Janelt,de GER,MF,27-231,12,3,406.0,4.5,0.0,1.0,1.0,0.0,0.0,0.0,2.0,0.0,0.3,0.3,0.4,0.7,2.0,23.0,5.0,0.0,0.22,0.22,0.0,0.22,0.06,0.1,0.15,0.06,0.15,Matches,Brentford
Ethan Pinnock,jm JAM,DF,32-212,3,3,228.0,2.5,0.0,0.0,0.0,0.0,0.0,0.0,1.0,0.0,0.0,0.0,0.0,0.0,0.0,4.0,3.0,0.0,0.0,0.0,0.0,0.0,0.0,0.0,0.0,0.0,0.0,Matches,Brentford
Fabio Carvalho,pt POR,"FW,MF",23-119,6,1,102.0,1.1,1.0,0.0,1.0,1.0,0.0,0.0,0.0,0.0,0.7,0.7,0.0,0.7,2.0,2.0,6.0,0.88,0.0,0.88,0.88,0.88,0.62,0.0,0.62,0.62,0.62,Matches,Brentford
Antoni Milambo,nl NED,MF,20-268,1,1,45.0,0.5,0.0,0.0,0.0,0.0,0.0,0.0,0.0,0.0,0.0,0.0,0.0,0.0,1.0,3.0,1.0,0.0,0.0,0.0,0.0,0.0,0.0,0.0,0.0,0.0,0.0,Matches,Brentford
Frank Onyeka,ng NGA,MF,27-360,6,0,92.0,1.0,0.0,1.0,1.0,0.0,0.0,0.0,0.0,0.0,0.0,0.0,0.1,0.1,2.0,4.0,2.0,0.0,0.98,0.98,0.0,0.98,0.0,0.12,0.12,0.0,0.12,Matches,Brentford
Reiss Nelson,eng ENG,FW,26-017,3,0,33.0,0.4,0.0,0.0,0.0,0.0,0.0,0.0,0.0,0.0,0.1,0.1,0.0,0.1,1.0,3.0,4.0,0.0,0.0,0.0,0.0,0.0,0.15,0.0,0.15,0.15,0.15,Matches,Brentford
Benjamin Arthur,eng ENG,DF,20-079,0,0,,,,,,,,,,,,,,,,,,,,,,,,,,,,Matches,Brentford
Romelle Donovan,eng ENG,FW,19-027,0,0,,,,,,,,,,,,,,,,,,,,,,,,,,,,Matches,Brentford
Yunus Emre Konak,tr TUR,MF,19-351,0,0,,,,,,,,,,,,,,,,,,,,,,,,,,,,Matches,Brentford
Gustavo Nunes,br BRA,MF,20-037,0,0,,,,,,,,,,,,,,,,,,,,,,,,,,,,Matches,Brentford
Myles Peart-Harris,eng ENG,MF,23-100,0,0,,,,,,,,,,,,,,,,,,,,,,,,,,,,Matches,Brentford
Mads Roerslev,dk DEN,"DF,MF",26-186,0,0,,,,,,,,,,,,,,,,,,,,,,,,,,,,Matches,Brentford
Hákon Valdimarsson,is ISL,GK,24-075,0,0,,,,,,,,,,,,,,,,,,,,,,,,,,,,Matches,Brentford
Squad Total,,,25.6,17,187,1530.0,17.0,24.0,11.0,35.0,19.0,5.0,7.0,34.0,0.0,23.7,18.2,13.8,32.0,197.0,473.0,466.0,1.41,0.65,2.06,1.12,1.76,1.39,0.81,2.2,1.07,1.88,,Brentford
Opponent Total,,,26.7,17,187,1530.0,17.0,23.0,14.0,37.0,21.0,2.0,4.0,33.0,1.0,22.2,19.0,13.2,32.2,297.0,634.0,626.0,1.35,0.82,2.18,1.24,2.06,1.3,0.78,2.08,1.12,1.9,,Brentford
Bernd Leno,de GER,GK,33-298,17,17,1530.0,17.0,0.0,0.0,0.0,0.0,0.0,0.0,3.0,0.0,0.0,0.0,0.0,0.0,0.0,1.0,0.0,0.0,0.0,0.0,0.0,0.0,0.0,0.0,0.0,0.0,0.0,Matches,Fulham
Sander Berge,no NOR,MF,27-316,17,17,1458.0,16.2,0.0,0.0,0.0,0.0,0.0,0.0,3.0,0.0,0.6,0.6,1.5,2.1,23.0,87.0,10.0,0.0,0.0,0.0,0.0,0.0,0.04,0.09,0.13,0.04,0.13,Matches,Fulham
Joachim Andersen,dk DEN,DF,29-210,16,16,1391.0,15.5,0.0,0.0,0.0,0.0,0.0,0.0,2.0,0.0,0.5,0.5,0.8,1.3,9.0,66.0,4.0,0.0,0.0,0.0,0.0,0.0,0.03,0.05,0.09,0.03,0.09,Matches,Fulham
Alex Iwobi,ng NGA,"MF,FW",29-238,16,16,1328.0,14.8,2.0,2.0,4.0,2.0,0.0,0.0,2.0,0.0,0.8,0.8,2.1,2.8,51.0,86.0,69.0,0.14,0.14,0.27,0.14,0.27,0.05,0.14,0.19,0.05,0.19,Matches,Fulham
Calvin Bassey,ng NGA,DF,25-361,16,15,1359.0,15.1,1.0,0.0,1.0,1.0,0.0,0.0,3.0,0.0,0.6,0.6,0.1,0.7,19.0,51.0,4.0,0.07,0.0,0.07,0.07,0.07,0.04,0.01,0.05,0.04,0.05,Matches,Fulham
Kenny Tete,nl NED,DF,30-079,14,14,1214.0,13.5,1.0,0.0,1.0,1.0,0.0,0.0,2.0,0.0,0.3,0.3,0.6,0.9,14.0,48.0,25.0,0.07,0.0,0.07,0.07,0.07,0.02,0.04,0.07,0.02,0.07,Matches,Fulham
Harry Wilson,wls WAL,FW,28-280,16,14,1149.0,12.8,5.0,3.0,8.0,5.0,0.0,0.0,3.0,0.0,2.4,2.4,1.8,4.2,11.0,31.0,85.0,0.39,0.23,0.63,0.39,0.63,0.19,0.14,0.33,0.19,0.33,Matches,Fulham
Ryan Sessegnon,eng ENG,DF,25-223,13,13,1106.0,12.3,2.0,0.0,2.0,2.0,0.0,0.0,0.0,0.0,0.9,0.9,1.0,1.8,27.0,42.0,56.0,0.16,0.0,0.16,0.16,0.16,0.07,0.08,0.15,0.07,0.15,Matches,Fulham
Raúl Jiménez,mx MEX,FW,34-236,16,12,956.0,10.6,3.0,2.0,5.0,2.0,1.0,1.0,3.0,0.0,4.0,3.2,0.7,4.0,5.0,22.0,41.0,0.28,0.19,0.47,0.19,0.38,0.38,0.07,0.45,0.3,0.37,Matches,Fulham
Saša Lukić,rs SRB,MF,29-136,14,11,861.0,9.6,1.0,1.0,2.0,1.0,0.0,0.0,5.0,0.0,1.6,1.6,1.3,2.9,15.0,24.0,26.0,0.1,0.1,0.21,0.1,0.21,0.16,0.14,0.3,0.16,0.3,Matches,Fulham
Joshua King,eng ENG,MF,18-358,17,11,848.0,9.4,0.0,1.0,1.0,0.0,0.0,0.0,2.0,0.0,1.1,1.1,0.4,1.5,22.0,26.0,54.0,0.0,0.11,0.11,0.0,0.11,0.12,0.04,0.16,0.12,0.16,Matches,Fulham
Timothy Castagne,be BEL,"DF,FW",30-022,12,6,540.0,6.0,0.0,0.0,0.0,0.0,0.0,0.0,0.0,0.0,0.4,0.4,0.2,0.6,6.0,19.0,34.0,0.0,0.0,0.0,0.0,0.0,0.07,0.03,0.1,0.07,0.1,Matches,Fulham
Emile Smith Rowe,eng ENG,MF,25-152,17,5,588.0,6.5,3.0,0.0,3.0,3.0,0.0,0.0,0.0,0.0,2.4,2.4,0.2,2.6,18.0,37.0,35.0,0.46,0.0,0.46,0.46,0.46,0.37,0.03,0.4,0.37,0.4,Matches,Fulham
Kevin,br BRA,"FW,MF",22-357,13,4,500.0,5.6,0.0,0.0,0.0,0.0,0.0,0.0,1.0,0.0,0.5,0.5,0.5,1.0,41.0,22.0,60.0,0.0,0.0,0.0,0.0,0.0,0.1,0.09,0.19,0.1,0.19,Matches,Fulham
Rodrigo Muniz,br BRA,FW,24-237,7,4,352.0,3.9,1.0,1.0,2.0,1.0,0.0,0.0,1.0,0.0,1.0,1.0,0.3,1.3,0.0,2.0,11.0,0.26,0.26,0.51,0.26,0.51,0.26,0.07,0.33,0.26,0.33,Matches,Fulham
Samuel Chukwueze,ng NGA,FW,26-219,9,3,398.0,4.4,2.0,4.0,6.0,2.0,0.0,0.0,0.0,0.0,1.0,1.0,1.7,2.7,19.0,18.0,44.0,0.45,0.9,1.36,0.45,1.36,0.23,0.39,0.61,0.23,0.61,Matches,Fulham
Jorge Cuenca,es ESP,DF,26-040,4,3,259.0,2.9,0.0,0.0,0.0,0.0,0.0,0.0,1.0,0.0,0.0,0.0,0.0,0.0,0.0,3.0,0.0,0.0,0.0,0.0,0.0,0.0,0.0,0.02,0.02,0.0,0.02,Matches,Fulham
Antonee Robinson,us USA,DF,28-141,5,2,244.0,2.7,0.0,0.0,0.0,0.0,0.0,0.0,0.0,0.0,0.2,0.2,0.2,0.4,6.0,10.0,25.0,0.0,0.0,0.0,0.0,0.0,0.07,0.06,0.13,0.07,0.13,Matches,Fulham
Issa Diop,fr FRA,DF,28-352,4,2,230.0,2.6,0.0,0.0,0.0,0.0,0.0,0.0,1.0,0.0,0.0,0.0,0.0,0.0,1.0,7.0,0.0,0.0,0.0,0.0,0.0,0.0,0.0,0.0,0.0,0.0,0.0,Matches,Fulham
Adama Traoré,es ESP,FW,29-336,12,1,261.0,2.9,0.0,0.0,0.0,0.0,0.0,0.0,0.0,0.0,0.2,0.2,0.5,0.6,14.0,4.0,27.0,0.0,0.0,0.0,0.0,0.0,0.06,0.16,0.22,0.06,0.22,Matches,Fulham
Tom Cairney,sct SCO,MF,34-341,9,1,231.0,2.6,0.0,0.0,0.0,0.0,0.0,0.0,1.0,0.0,0.4,0.4,0.0,0.5,3.0,17.0,3.0,0.0,0.0,0.0,0.0,0.0,0.17,0.02,0.18,0.17,0.18,Matches,Fulham
Jonah Kusi-Asare,se SWE,FW,18-176,3,0,25.0,0.3,0.0,0.0,0.0,0.0,0.0,0.0,0.0,0.0,0.0,0.0,0.0,0.0,1.0,2.0,3.0,0.0,0.0,0.0,0.0,0.0,0.0,0.16,0.16,0.0,0.16,Matches,Fulham
Harrison Reed,eng ENG,MF,30-334,1,0,2.0,0.0,0.0,0.0,0.0,0.0,0.0,0.0,0.0,0.0,0.0,0.0,0.0,0.0,0.0,0.0,0.0,0.0,0.0,0.0,0.0,0.0,0.0,0.0,0.0,0.0,0.0,Matches,Fulham
Samuel Amissah,eng ENG,DF,18-295,0,0,,,,,,,,,,,,,,,,,,,,,,,,,,,,Matches,Fulham
Benjamin Lecomte,fr FRA,GK,34-245,0,0,,,,,,,,,,,,,,,,,,,,,,,,,,,,Matches,Fulham
Andreas Pereira,br BRA,MF,29-360,0,0,,,,,,,,,,,,,,,,,,,,,,,,,,,,Matches,Fulham
Seth Ridgeon,eng ENG,MF,17-106,0,0,,,,,,,,,,,,,,,,,,,,,,,,,,,,Matches,Fulham
Squad Total,,,28.5,17,187,1530.0,17.0,21.0,14.0,35.0,20.0,1.0,1.0,33.0,0.0,18.4,17.6,13.8,31.4,305.0,625.0,616.0,1.24,0.82,2.06,1.18,2.0,1.08,0.81,1.89,1.04,1.85,,Fulham
Opponent Total,,,26.6,17,187,1530.0,17.0,24.0,17.0,41.0,22.0,2.0,3.0,27.0,1.0,22.5,20.1,15.5,35.6,274.0,680.0,676.0,1.41,1.0,2.41,1.29,2.29,1.32,0.91,2.23,1.18,2.09,,Fulham
Guglielmo Vicario,it ITA,GK,29-081,17,17,1530.0,17.0,0.0,0.0,0.0,0.0,0.0,0.0,0.0,0.0,0.0,0.0,0.0,0.0,0.0,0.0,0.0,0.0,0.0,0.0,0.0,0.0,0.0,0.0,0.0,0.0,0.0,Matches,Tottenham
Micky van de Ven,nl NED,DF,24-252,16,16,1429.0,15.9,3.0,0.0,3.0,3.0,0.0,0.0,4.0,0.0,1.7,1.7,0.2,1.9,8.0,41.0,2.0,0.19,0.0,0.19,0.19,0.19,0.11,0.01,0.12,0.11,0.12,Matches,Tottenham
Mohammed Kudus,gh GHA,"FW,MF",25-147,16,16,1343.0,14.9,2.0,5.0,7.0,2.0,0.0,0.0,3.0,0.0,1.7,1.7,2.7,4.4,54.0,36.0,122.0,0.13,0.34,0.47,0.13,0.47,0.11,0.18,0.29,0.11,0.29,Matches,Tottenham
Pedro Porro,es ESP,DF,26-105,17,15,1328.0,14.8,0.0,1.0,1.0,0.0,0.0,0.0,4.0,0.0,0.3,0.3,1.5,1.7,27.0,83.0,43.0,0.0,0.07,0.07,0.0,0.07,0.02,0.1,0.12,0.02,0.12,Matches,Tottenham
Cristian Romero,ar ARG,DF,27-244,14,13,1187.0,13.2,2.0,1.0,3.0,2.0,0.0,0.0,9.0,1.0,0.8,0.8,0.3,1.1,4.0,45.0,0.0,0.15,0.08,0.23,0.15,0.23,0.06,0.03,0.08,0.06,0.08,Matches,Tottenham
Djed Spence,eng ENG,DF,25-140,14,13,1073.0,11.9,0.0,0.0,0.0,0.0,0.0,0.0,2.0,0.0,0.6,0.6,0.6,1.2,38.0,48.0,50.0,0.0,0.0,0.0,0.0,0.0,0.05,0.05,0.1,0.05,0.1,Matches,Tottenham
Rodrigo Bentancur,uy URU,MF,28-185,16,13,1055.0,11.7,1.0,1.0,2.0,1.0,0.0,0.0,4.0,0.0,0.4,0.4,0.8,1.2,7.0,33.0,16.0,0.09,0.09,0.17,0.09,0.17,0.04,0.07,0.1,0.04,0.1,Matches,Tottenham
João Palhinha,pt POR,MF,30-171,16,12,1088.0,12.1,2.0,2.0,4.0,2.0,0.0,0.0,3.0,0.0,0.8,0.8,0.1,0.9,6.0,38.0,11.0,0.17,0.17,0.33,0.17,0.33,0.06,0.01,0.07,0.06,0.07,Matches,Tottenham
Richarlison,br BRA,FW,28-231,17,10,989.0,11.0,7.0,2.0,9.0,7.0,0.0,0.0,4.0,0.0,3.5,3.5,1.5,5.0,10.0,16.0,43.0,0.64,0.18,0.82,0.64,0.82,0.31,0.14,0.45,0.31,0.45,Matches,Tottenham
Xavi Simons,nl NED,"MF,FW",22-250,14,9,834.0,9.3,1.0,2.0,3.0,1.0,0.0,0.0,2.0,1.0,0.8,0.8,1.5,2.4,32.0,59.0,45.0,0.11,0.22,0.32,0.11,0.32,0.09,0.17,0.25,0.09,0.25,Matches,Tottenham
Lucas Bergvall,se SWE,MF,19-328,13,8,667.0,7.4,1.0,2.0,3.0,1.0,0.0,0.0,2.0,0.0,0.8,0.8,0.3,1.1,13.0,32.0,30.0,0.13,0.27,0.4,0.13,0.4,0.11,0.04,0.15,0.11,0.15,Matches,Tottenham
Randal Kolo Muani,fr FRA,FW,27-022,10,8,612.0,6.8,0.0,0.0,0.0,0.0,0.0,0.0,1.0,0.0,1.2,1.2,0.2,1.4,8.0,8.0,40.0,0.0,0.0,0.0,0.0,0.0,0.18,0.03,0.21,0.18,0.21,Matches,Tottenham
Pape Matar Sarr,sn SEN,MF,23-104,14,7,709.0,7.9,2.0,2.0,4.0,2.0,0.0,0.0,0.0,0.0,1.0,1.0,0.7,1.7,14.0,27.0,25.0,0.25,0.25,0.51,0.25,0.51,0.13,0.09,0.22,0.13,0.22,Matches,Tottenham
Destiny Udogie,it ITA,DF,23-029,10,6,609.0,6.8,0.0,1.0,1.0,0.0,0.0,0.0,1.0,0.0,0.1,0.1,0.4,0.5,21.0,37.0,45.0,0.0,0.15,0.15,0.0,0.15,0.02,0.06,0.08,0.02,0.08,Matches,Tottenham
Brennan Johnson,wls WAL,FW,24-218,15,6,604.0,6.7,2.0,0.0,2.0,2.0,0.0,0.0,2.0,0.0,1.0,1.0,0.4,1.4,16.0,12.0,39.0,0.3,0.0,0.3,0.3,0.3,0.15,0.06,0.21,0.15,0.21,Matches,Tottenham
Kevin Danso,at AUT,DF,27-099,11,6,495.0,5.5,0.0,0.0,0.0,0.0,0.0,0.0,3.0,0.0,0.0,0.0,0.0,0.0,3.0,22.0,0.0,0.0,0.0,0.0,0.0,0.0,0.0,0.0,0.0,0.0,0.0,Matches,Tottenham
Archie Gray,eng ENG,MF,19-290,7,5,353.0,3.9,0.0,0.0,0.0,0.0,0.0,0.0,2.0,0.0,0.1,0.1,0.1,0.2,5.0,15.0,1.0,0.0,0.0,0.0,0.0,0.0,0.02,0.03,0.05,0.02,0.05,Matches,Tottenham
Wilson Odobert,fr FRA,"FW,MF",21-029,15,4,519.0,5.8,0.0,1.0,1.0,0.0,0.0,0.0,0.0,0.0,0.9,0.9,1.0,1.8,24.0,25.0,44.0,0.0,0.17,0.17,0.0,0.17,0.15,0.17,0.32,0.15,0.32,Matches,Tottenham
Mathys Tel,fr FRA,FW,20-244,11,3,282.0,3.1,2.0,0.0,2.0,2.0,0.0,0.0,0.0,0.0,0.5,0.5,0.0,0.5,6.0,4.0,18.0,0.64,0.0,0.64,0.64,0.64,0.16,0.01,0.17,0.16,0.17,Matches,Tottenham
Dominic Solanke,eng ENG,FW,28-104,2,0,33.0,0.4,0.0,0.0,0.0,0.0,0.0,0.0,0.0,0.0,0.2,0.2,0.0,0.2,0.0,0.0,2.0,0.0,0.0,0.0,0.0,0.0,0.57,0.0,0.57,0.57,0.57,Matches,Tottenham
Ben Davies,wls WAL,DF,32-247,1,0,32.0,0.4,0.0,0.0,0.0,0.0,0.0,0.0,0.0,0.0,0.0,0.0,0.0,0.0,1.0,0.0,0.0,0.0,0.0,0.0,0.0,0.0,0.0,0.0,0.0,0.0,0.0,Matches,Tottenham
Yusuf Akhamrich,eng ENG,FW,20-113,0,0,,,,,,,,,,,,,,,,,,,,,,,,,,,,Matches,Tottenham
Jun'ai Byfield,eng ENG,DF,17-021,0,0,,,,,,,,,,,,,,,,,,,,,,,,,,,,Matches,Tottenham
Radu Drăgușin,ro ROU,DF,23-327,0,0,,,,,,,,,,,,,,,,,,,,,,,,,,,,Matches,Tottenham
Antonín Kinský,cz CZE,GK,22-289,0,0,,,,,,,,,,,,,,,,,,,,,,,,,,,,Matches,Tottenham
James Rowswell,eng ENG,DF,19-167,0,0,,,,,,,,,,,,,,,,,,,,,,,,,,,,Matches,Tottenham
Dane Scarlett,eng ENG,FW,21-278,0,0,,,,,,,,,,,,,,,,,,,,,,,,,,,,Matches,Tottenham
Manor Solomon,il ISR,"FW,MF",26-156,0,0,,,,,,,,,,,,,,,,,,,,,,,,,,,,Matches,Tottenham
Luka Vušković,hr CRO,DF,18-306,0,0,,,,,,,,,,,,,,,,,,,,,,,,,,,,Matches,Tottenham
Squad Total,,,25.9,17,187,1530.0,17.0,25.0,20.0,45.0,25.0,0.0,0.0,46.0,2.0,16.2,16.2,12.3,28.5,297.0,581.0,576.0,1.47,1.18,2.65,1.47,2.65,0.95,0.72,1.68,0.95,1.68,,Tottenham
Opponent Total,,,26.8,17,187,1530.0,17.0,23.0,17.0,40.0,22.0,1.0,1.0,26.0,1.0,22.6,21.9,17.0,38.9,225.0,578.0,570.0,1.35,1.0,2.35,1.29,2.29,1.33,1.0,2.33,1.29,2.29,,Tottenham
Đorđe Petrović,rs SRB,GK,26-080,17,17,1530,17.0,0,0,0,0,0,0,1,0,0.0,0.0,0.0,0.0,0,0,0,0.00,0.00,0.00,0.00,0.00,0.00,0.00,0.00,0.00,0.00,Matches,Bournemouth
Adrien Truffert,fr FRA,DF,24-037,17,17,1502,16.7,0,1,1,0,0,0,3,0,0.2,0.2,1.2,1.5,37,71,96,0.00,0.06,0.06,0.00,0.06,0.01,0.07,0.09,0.01,0.09,Matches,Bournemouth
Antoine Semenyo,gh GHA,"FW,MF",25-354,16,16,1439,16.0,8,3,11,7,1,2,4,0,5.4,3.8,2.0,5.9,59,57,97,0.50,0.19,0.69,0.44,0.63,0.34,0.13,0.47,0.24,0.37,Matches,Bournemouth
Marcos Senesi,ar ARG,DF,28-231,16,16,1398,15.5,0,3,3,0,0,0,6,0,0.5,0.5,2.2,2.7,11,105,8,0.00,0.19,0.19,0.00,0.19,0.03,0.14,0.18,0.03,0.18,Matches,Bournemouth
Marcus Tavernier,eng ENG,"MF,FW",26-280,17,15,1335,14.8,4,2,6,3,1,1,1,0,3.8,3.0,2.2,5.3,46,77,88,0.27,0.13,0.40,0.20,0.34,0.26,0.15,0.41,0.20,0.36,Matches,Bournemouth
Tyler Adams,us USA,MF,26-316,15,15,1195,13.3,2,1,3,2,0,0,5,0,0.5,0.5,0.1,0.5,12,61,7,0.15,0.08,0.23,0.15,0.23,0.03,0.01,0.04,0.03,0.04,Matches,Bournemouth
Bafodé Diakité,fr FRA,DF,24-355,14,14,1215,13.5,0,0,0,0,0,0,1,0,0.0,0.0,0.1,0.1,4,44,3,0.00,0.00,0.00,0.00,0.00,0.00,0.01,0.01,0.00,0.01,Matches,Bournemouth
Alex Scott,eng ENG,MF,22-128,17,14,1074,11.9,1,0,1,1,0,0,2,0,0.8,0.8,0.5,1.3,24,41,27,0.08,0.00,0.08,0.08,0.08,0.07,0.04,0.11,0.07,0.11,Matches,Bournemouth
Evanilson,br BRA,FW,26-082,15,13,1145,12.7,2,0,2,2,0,0,1,0,4.1,4.1,1.1,5.2,8,12,49,0.16,0.00,0.16,0.16,0.16,0.32,0.09,0.41,0.32,0.41,Matches,Bournemouth
Álex Jiménez,es ESP,"DF,FW",20-233,13,9,799,8.9,0,0,0,0,0,0,4,0,0.3,0.3,0.3,0.6,36,38,37,0.00,0.00,0.00,0.00,0.00,0.03,0.04,0.07,0.03,0.07,Matches,Bournemouth
David Brooks,wls WAL,"FW,MF",28-172,15,9,722,8.0,0,1,1,0,0,0,6,0,2.5,2.5,1.7,4.2,22,28,79,0.00,0.12,0.12,0.00,0.12,0.31,0.22,0.52,0.31,0.52,Matches,Bournemouth
Justin Kluivert,nl NED,MF,26-236,15,8,712,7.9,1,0,1,1,0,0,3,0,0.5,0.5,0.8,1.4,16,26,60,0.13,0.00,0.13,0.13,0.13,0.07,0.11,0.17,0.07,0.17,Matches,Bournemouth
Adam Smith,eng ENG,DF,34-242,8,7,477,5.3,0,1,1,0,0,0,1,0,0.0,0.0,0.4,0.4,2,15,9,0.00,0.19,0.19,0.00,0.19,0.00,0.08,0.08,0.00,0.08,Matches,Bournemouth
Eli Junior Kroupi,fr FRA,"FW,MF",19-187,13,5,451,5.0,5,0,5,5,0,0,1,0,2.8,2.8,0.4,3.2,6,1,29,1.00,0.00,1.00,1.00,1.00,0.56,0.09,0.64,0.56,0.64,Matches,Bournemouth
Veljko Milosavljević,rs SRB,DF,18-182,5,4,366,4.1,0,0,0,0,0,0,0,0,0.2,0.2,0.1,0.2,3,12,0,0.00,0.00,0.00,0.00,0.00,0.04,0.01,0.05,0.04,0.05,Matches,Bournemouth
Amine Adli,ma MAR,"FW,MF",25-231,13,3,394,4.4,1,0,1,1,0,0,0,0,1.0,1.0,0.2,1.2,10,13,31,0.23,0.00,0.23,0.23,0.23,0.22,0.05,0.27,0.22,0.27,Matches,Bournemouth
James Hill,eng ENG,DF,23-351,9,2,306,3.4,0,0,0,0,0,0,1,0,0.1,0.1,0.0,0.1,3,17,8,0.00,0.00,0.00,0.00,0.00,0.04,0.00,0.04,0.04,0.04,Matches,Bournemouth
Lewis Cook,eng ENG,"DF,MF",28-327,8,2,304,3.4,0,0,0,0,0,0,0,1,0.0,0.0,0.2,0.2,14,24,9,0.00,0.00,0.00,0.00,0.00,0.01,0.06,0.07,0.01,0.07,Matches,Bournemouth
Ryan Christie,sct SCO,MF,30-308,11,1,296,3.3,1,0,1,1,0,0,1,0,1.1,1.1,0.1,1.2,8,25,9,0.30,0.00,0.30,0.30,0.30,0.35,0.02,0.37,0.35,0.37,Matches,Bournemouth
Enes Ünal,tr TUR,"FW,MF",28-231,6,0,66,0.7,1,0,1,1,0,0,1,0,0.5,0.5,0.0,0.5,0,1,4,1.36,0.00,1.36,1.36,1.36,0.75,0.00,0.75,0.75,0.75,Matches,Bournemouth
Ben Gannon-Doak,sct SCO,FW,20-046,4,0,57,0.6,0,1,1,0,0,0,0,0,0.1,0.1,0.6,0.7,4,1,10,0.00,1.58,1.58,0.00,1.58,0.14,0.91,1.04,0.14,1.04,Matches,Bournemouth
Julio Soler,ar ARG,"FW,MF",20-314,2,0,22,0.2,0,0,0,0,0,0,0,0,0.0,0.0,0.0,0.0,1,1,3,0.00,0.00,0.00,0.00,0.00,0.00,0.00,0.00,0.00,0.00,Matches,Bournemouth
Hamed Junior Traorè,ci CIV,MF,25-314,1,0,17,0.2,0,1,1,0,0,0,0,0,0.0,0.0,0.2,0.2,0,0,0,0.00,5.29,5.29,0.00,5.29,0.00,1.10,1.10,0.00,1.10,Matches,Bournemouth
Ben Winterburn,eng ENG,MF,21-114,1,0,7,0.1,0,0,0,0,0,0,0,0,0.0,0.0,0.0,0.0,0,0,0,0.00,0.00,0.00,0.00,0.00,0.00,0.00,0.00,0.00,0.00,Matches,Bournemouth
Julian Araujo,mx MEX,DF,24-136,0,0,,,,,,,,,,,,,,,,,,,,,,,,,,,,Matches,Bournemouth
Philip Billing,dk DEN,MF,29-199,0,0,,,,,,,,,,,,,,,,,,,,,,,,,,,,Matches,Bournemouth
Malcom Dacosta,ec ECU,MF,17-254,0,0,,,,,,,,,,,,,,,,,,,,,,,,,,,,Matches,Bournemouth
Will Dennis,eng ENG,GK,25-170,0,0,,,,,,,,,,,,,,,,,,,,,,,,,,,,Matches,Bournemouth
Romain Faivre,fr FRA,"FW,MF",27-166,0,0,,,,,,,,,,,,,,,,,,,,,,,,,,,,Matches,Bournemouth
Remy Rees-Dottin,eng ENG,FW,19-296,0,0,,,,,,,,,,,,,,,,,,,,,,,,,,,,Matches,Bournemouth
Squad Total,,,25.8,17,187,1530,17.0,26,14,40,24,2,3,42,1,24.1,21.8,14.5,36.2,326,670,663,1.53,0.82,2.35,1.41,2.24,1.42,0.85,2.27,1.28,2.13,,Bournemouth
Opponent Total,,,26.9,17,187,1530,17.0,29,19,48,27,2,2,36,1,23.2,21.6,16.3,37.9,268,539,528,1.71,1.12,2.82,1.59,2.71,1.36,0.96,2.32,1.27,2.23,,Bournemouth
Joe Rodon,wls WAL,DF,28-066,17,17,1530.0,17.0,2.0,0.0,2.0,2.0,0.0,0.0,1.0,0.0,0.9,0.9,0.4,1.3,14.0,68.0,6.0,0.12,0.0,0.12,0.12,0.12,0.05,0.02,0.08,0.05,0.08,Matches,Leeds United
Jayden Bogle,eng ENG,DF,25-153,17,17,1482.0,16.5,0.0,1.0,1.0,0.0,0.0,0.0,4.0,0.0,0.7,0.7,0.7,1.4,30.0,45.0,62.0,0.0,0.06,0.06,0.0,0.06,0.05,0.04,0.09,0.05,0.09,Matches,Leeds United
Gabriel Gudmundsson,se SWE,DF,26-242,17,16,1380.0,15.3,0.0,0.0,0.0,0.0,0.0,0.0,2.0,0.0,0.9,0.9,1.8,2.7,44.0,51.0,60.0,0.0,0.0,0.0,0.0,0.0,0.06,0.12,0.17,0.06,0.17,Matches,Leeds United
Ethan Ampadu,wls WAL,MF,25-104,15,15,1319.0,14.7,1.0,0.0,1.0,1.0,0.0,0.0,4.0,0.0,0.8,0.8,0.1,0.9,19.0,60.0,15.0,0.07,0.0,0.07,0.07,0.07,0.05,0.01,0.06,0.05,0.06,Matches,Leeds United
Pascal Struijk,nl NED,DF,26-138,15,14,1269.0,14.1,0.0,0.0,0.0,0.0,0.0,0.0,3.0,0.0,1.7,1.7,0.2,1.8,5.0,43.0,5.0,0.0,0.0,0.0,0.0,0.0,0.12,0.01,0.13,0.12,0.13,Matches,Leeds United
Anton Stach,de GER,MF,27-042,15,14,1181.0,13.1,3.0,2.0,5.0,3.0,0.0,0.0,2.0,0.0,1.7,1.7,2.6,4.3,24.0,61.0,37.0,0.23,0.15,0.38,0.23,0.38,0.13,0.2,0.33,0.13,0.33,Matches,Leeds United
Lucas Perri,br BRA,GK,28-017,12,12,1080.0,12.0,0.0,0.0,0.0,0.0,0.0,0.0,2.0,0.0,0.0,0.0,0.0,0.0,0.0,0.0,0.0,0.0,0.0,0.0,0.0,0.0,0.0,0.0,0.0,0.0,0.0,Matches,Leeds United
Dominic Calvert-Lewin,eng ENG,FW,28-286,15,11,1030.0,11.4,7.0,0.0,7.0,6.0,1.0,1.0,0.0,0.0,6.4,5.6,1.1,6.7,8.0,12.0,53.0,0.61,0.0,0.61,0.52,0.52,0.56,0.09,0.65,0.49,0.59,Matches,Leeds United
Noah Okafor,ch SUI,FW,25-217,14,11,858.0,9.5,2.0,0.0,2.0,2.0,0.0,0.0,2.0,0.0,2.4,2.4,0.8,3.2,28.0,22.0,68.0,0.21,0.0,0.21,0.21,0.21,0.25,0.09,0.34,0.25,0.34,Matches,Leeds United
Brenden Aaronson,us USA,"FW,MF",25-066,16,10,911.0,10.1,1.0,2.0,3.0,1.0,0.0,0.0,1.0,0.0,2.1,2.1,1.5,3.6,21.0,26.0,55.0,0.1,0.2,0.3,0.1,0.3,0.21,0.15,0.35,0.21,0.35,Matches,Leeds United
Sean Longstaff,eng ENG,MF,28-058,12,10,878.0,9.8,1.0,2.0,3.0,1.0,0.0,0.0,1.0,0.0,0.7,0.7,2.1,2.8,3.0,31.0,14.0,0.1,0.21,0.31,0.1,0.31,0.08,0.21,0.29,0.08,0.29,Matches,Leeds United
Ao Tanaka,jp JPN,MF,27-108,14,7,638.0,7.1,2.0,0.0,2.0,2.0,0.0,0.0,1.0,0.0,0.6,0.6,0.5,1.1,4.0,29.0,16.0,0.28,0.0,0.28,0.28,0.28,0.09,0.07,0.16,0.09,0.16,Matches,Leeds United
Jaka Bijol,si SVN,DF,26-325,8,7,622.0,6.9,1.0,1.0,2.0,1.0,0.0,0.0,0.0,0.0,0.2,0.2,0.4,0.6,3.0,11.0,0.0,0.14,0.14,0.29,0.14,0.29,0.03,0.06,0.09,0.03,0.09,Matches,Leeds United
Lukas Nmecha,de GER,FW,27-013,14,5,496.0,5.5,4.0,0.0,4.0,3.0,1.0,2.0,0.0,0.0,4.3,2.6,0.2,2.7,6.0,4.0,25.0,0.73,0.0,0.73,0.54,0.54,0.77,0.03,0.8,0.47,0.49,Matches,Leeds United
Karl Darlow,wls WAL,GK,35-080,5,5,450.0,5.0,0.0,0.0,0.0,0.0,0.0,0.0,0.0,0.0,0.0,0.0,0.0,0.0,0.0,1.0,0.0,0.0,0.0,0.0,0.0,0.0,0.0,0.0,0.0,0.0,0.0,Matches,Leeds United
Ilia Gruev,bg BUL,MF,25-235,9,4,395.0,4.4,0.0,0.0,0.0,0.0,0.0,0.0,1.0,0.0,0.0,0.0,0.2,0.2,1.0,13.0,1.0,0.0,0.0,0.0,0.0,0.0,0.0,0.04,0.04,0.0,0.04,Matches,Leeds United
Daniel James,wls WAL,FW,28-047,10,4,354.0,3.9,0.0,0.0,0.0,0.0,0.0,0.0,0.0,0.0,0.7,0.7,0.6,1.4,17.0,10.0,41.0,0.0,0.0,0.0,0.0,0.0,0.19,0.16,0.35,0.19,0.35,Matches,Leeds United
Wilfried Gnonto,it ITA,"FW,MF",22-052,9,4,306.0,3.4,0.0,1.0,1.0,0.0,0.0,0.0,2.0,0.0,0.2,0.2,0.6,0.8,7.0,11.0,21.0,0.0,0.29,0.29,0.0,0.29,0.06,0.16,0.22,0.06,0.22,Matches,Leeds United
Joël Piroe,nl NED,"FW,MF",26-147,9,2,205.0,2.3,0.0,0.0,0.0,0.0,0.0,0.0,0.0,0.0,0.6,0.6,0.0,0.6,3.0,3.0,10.0,0.0,0.0,0.0,0.0,0.0,0.26,0.0,0.26,0.26,0.26,Matches,Leeds United
Jack Harrison,eng ENG,"FW,DF",29-037,11,1,269.0,3.0,0.0,0.0,0.0,0.0,0.0,0.0,0.0,0.0,0.3,0.3,0.4,0.7,8.0,10.0,17.0,0.0,0.0,0.0,0.0,0.0,0.09,0.13,0.23,0.09,0.23,Matches,Leeds United
James Justin,eng ENG,DF,27-307,9,1,167.0,1.9,0.0,0.0,0.0,0.0,0.0,0.0,1.0,0.0,0.0,0.0,0.0,0.0,0.0,5.0,3.0,0.0,0.0,0.0,0.0,0.0,0.0,0.0,0.0,0.0,0.0,Matches,Leeds United
Sam Byram,eng ENG,DF,32-102,1,0,8.0,0.1,0.0,0.0,0.0,0.0,0.0,0.0,0.0,0.0,0.0,0.0,0.0,0.0,0.0,0.0,0.0,0.0,0.0,0.0,0.0,0.0,0.0,0.0,0.0,0.0,0.0,Matches,Leeds United
Sebastiaan Bornauw,be BEL,DF,26-280,2,0,2.0,0.0,0.0,0.0,0.0,0.0,0.0,0.0,0.0,0.0,0.0,0.0,0.0,0.0,0.0,0.0,0.0,0.0,0.0,0.0,0.0,0.0,0.0,0.0,0.0,0.0,0.0,Matches,Leeds United
Harry Gray,eng ENG,FW,17-080,0,0,,,,,,,,,,,,,,,,,,,,,,,,,,,,Matches,Leeds United
Illan Meslier,fr FRA,GK,25-300,0,0,,,,,,,,,,,,,,,,,,,,,,,,,,,,Matches,Leeds United
Largie Ramazani,be BEL,"FW,MF",24-303,0,0,,,,,,,,,,,,,,,,,,,,,,,,,,,,Matches,Leeds United
Squad Total,,,27.0,17,187,1530.0,17.0,24.0,9.0,33.0,22.0,2.0,3.0,27.0,0.0,23.9,21.4,13.8,35.2,245.0,516.0,509.0,1.41,0.53,1.94,1.29,1.82,1.41,0.81,2.22,1.26,2.07,,Leeds United
Opponent Total,,,26.6,17,187,1530.0,17.0,30.0,19.0,49.0,27.0,3.0,3.0,29.0,0.0,23.8,21.4,16.1,37.5,282.0,656.0,652.0,1.76,1.12,2.88,1.59,2.71,1.4,0.94,2.34,1.26,2.21,,Leeds United
Elliot Anderson,eng ENG,MF,23-051,17,17,1530.0,17.0,1.0,1.0,2.0,0.0,1.0,1.0,3.0,0.0,1.8,1.0,2.1,3.1,24.0,141.0,47.0,0.06,0.06,0.12,0.0,0.06,0.1,0.12,0.23,0.06,0.18,Matches,Nott'ham Forest
Nikola Milenković,rs SRB,DF,28-076,17,17,1530.0,17.0,0.0,0.0,0.0,0.0,0.0,0.0,4.0,0.0,0.7,0.7,0.3,1.0,5.0,45.0,3.0,0.0,0.0,0.0,0.0,0.0,0.04,0.02,0.06,0.04,0.06,Matches,Nott'ham Forest
Neco Williams,wls WAL,DF,24-258,17,17,1530.0,17.0,1.0,1.0,2.0,1.0,0.0,0.0,4.0,0.0,1.0,1.0,1.5,2.5,32.0,65.0,78.0,0.06,0.06,0.12,0.06,0.12,0.06,0.09,0.15,0.06,0.15,Matches,Nott'ham Forest
Morgan Gibbs-White,eng ENG,"MF,FW",25-334,17,16,1421.0,15.8,3.0,1.0,4.0,3.0,0.0,0.0,0.0,0.0,4.0,4.0,1.1,5.2,35.0,96.0,119.0,0.19,0.06,0.25,0.19,0.25,0.26,0.07,0.33,0.26,0.33,Matches,Nott'ham Forest
Matz Sels,be BEL,GK,33-304,15,15,1350.0,15.0,0.0,0.0,0.0,0.0,0.0,0.0,1.0,0.0,0.0,0.0,0.1,0.1,0.0,1.0,0.0,0.0,0.0,0.0,0.0,0.0,0.0,0.01,0.01,0.0,0.01,Matches,Nott'ham Forest
Dan Ndoye,ch SUI,FW,25-063,15,14,996.0,11.1,1.0,1.0,2.0,1.0,0.0,0.0,1.0,0.0,0.8,0.8,1.0,1.8,42.0,25.0,95.0,0.09,0.09,0.18,0.09,0.18,0.07,0.09,0.16,0.07,0.16,Matches,Nott'ham Forest
Murillo,br BRA,DF,23-176,11,11,919.0,10.2,1.0,0.0,1.0,1.0,0.0,0.0,3.0,0.0,0.3,0.3,0.2,0.5,3.0,46.0,0.0,0.1,0.0,0.1,0.1,0.1,0.03,0.02,0.04,0.03,0.04,Matches,Nott'ham Forest
Ibrahim Sangaré,ci CIV,MF,28-025,13,11,865.0,9.6,2.0,2.0,4.0,2.0,0.0,0.0,2.0,0.0,0.7,0.7,0.9,1.7,10.0,58.0,5.0,0.21,0.21,0.42,0.21,0.42,0.08,0.1,0.17,0.08,0.17,Matches,Nott'ham Forest
Nicolò Savona,it ITA,DF,22-283,12,10,916.0,10.2,2.0,0.0,2.0,2.0,0.0,0.0,2.0,0.0,1.3,1.3,0.4,1.6,9.0,29.0,35.0,0.2,0.0,0.2,0.2,0.2,0.12,0.04,0.16,0.12,0.16,Matches,Nott'ham Forest
Igor Jesus,br BRA,FW,24-305,16,9,824.0,9.2,1.0,0.0,1.0,1.0,0.0,0.0,0.0,0.0,3.1,3.1,0.9,4.0,7.0,15.0,44.0,0.11,0.0,0.11,0.11,0.11,0.33,0.1,0.44,0.33,0.44,Matches,Nott'ham Forest
Callum Hudson-Odoi,eng ENG,FW,25-050,16,8,867.0,9.6,3.0,1.0,4.0,3.0,0.0,0.0,0.0,0.0,1.6,1.6,2.0,3.6,51.0,36.0,106.0,0.31,0.1,0.42,0.31,0.42,0.17,0.21,0.38,0.17,0.38,Matches,Nott'ham Forest
Morato,br BRA,DF,24-180,9,8,709.0,7.9,0.0,0.0,0.0,0.0,0.0,0.0,4.0,0.0,0.0,0.0,0.0,0.0,3.0,31.0,1.0,0.0,0.0,0.0,0.0,0.0,0.0,0.0,0.0,0.0,0.0,Matches,Nott'ham Forest
Chris Wood,nz NZL,FW,34-020,8,7,540.0,6.0,2.0,0.0,2.0,2.0,0.0,0.0,0.0,0.0,2.7,2.7,0.2,2.9,0.0,7.0,16.0,0.33,0.0,0.33,0.33,0.33,0.45,0.03,0.48,0.45,0.48,Matches,Nott'ham Forest
Douglas Luiz,br BRA,MF,27-232,6,5,263.0,2.9,0.0,0.0,0.0,0.0,0.0,0.0,1.0,0.0,0.0,0.0,0.6,0.6,5.0,6.0,8.0,0.0,0.0,0.0,0.0,0.0,0.01,0.2,0.21,0.01,0.21,Matches,Nott'ham Forest
Omari Hutchinson,eng ENG,FW,22-058,12,4,569.0,6.3,0.0,2.0,2.0,0.0,0.0,0.0,0.0,0.0,1.2,1.2,2.0,3.2,33.0,15.0,56.0,0.0,0.32,0.32,0.0,0.32,0.19,0.31,0.5,0.19,0.5,Matches,Nott'ham Forest
Nicolás Domínguez,ar ARG,"FW,MF",27-182,8,4,264.0,2.9,0.0,0.0,0.0,0.0,0.0,0.0,2.0,0.0,0.3,0.3,0.3,0.7,3.0,17.0,12.0,0.0,0.0,0.0,0.0,0.0,0.12,0.11,0.23,0.12,0.23,Matches,Nott'ham Forest
Ola Aina,ng NGA,DF,29-080,3,3,270.0,3.0,0.0,0.0,0.0,0.0,0.0,0.0,1.0,0.0,0.0,0.0,0.1,0.2,5.0,11.0,8.0,0.0,0.0,0.0,0.0,0.0,0.01,0.05,0.06,0.01,0.06,Matches,Nott'ham Forest
Oleksandr Zinchenko,ua UKR,DF,29-012,4,3,263.0,2.9,0.0,0.0,0.0,0.0,0.0,0.0,0.0,0.0,0.0,0.0,0.5,0.5,8.0,24.0,7.0,0.0,0.0,0.0,0.0,0.0,0.01,0.16,0.17,0.01,0.17,Matches,Nott'ham Forest
John,br BRA,GK,29-317,2,2,180.0,2.0,0.0,0.0,0.0,0.0,0.0,0.0,1.0,0.0,0.0,0.0,0.0,0.0,0.0,0.0,0.0,0.0,0.0,0.0,0.0,0.0,0.0,0.0,0.0,0.0,0.0,Matches,Nott'ham Forest
Dilane Bakwa,fr FRA,"FW,MF",23-123,4,2,174.0,1.9,0.0,0.0,0.0,0.0,0.0,0.0,0.0,0.0,0.1,0.1,0.4,0.5,6.0,9.0,22.0,0.0,0.0,0.0,0.0,0.0,0.07,0.2,0.27,0.07,0.27,Matches,Nott'ham Forest
Ryan Yates,eng ENG,MF,28-036,11,1,307.0,3.4,0.0,1.0,1.0,0.0,0.0,0.0,1.0,0.0,0.0,0.0,0.1,0.2,1.0,16.0,3.0,0.0,0.29,0.29,0.0,0.29,0.01,0.04,0.05,0.01,0.05,Matches,Nott'ham Forest
Taiwo Awoniyi,ng NGA,FW,28-137,5,1,154.0,1.7,0.0,0.0,0.0,0.0,0.0,0.0,0.0,0.0,0.2,0.2,0.1,0.3,1.0,1.0,7.0,0.0,0.0,0.0,0.0,0.0,0.11,0.09,0.2,0.11,0.2,Matches,Nott'ham Forest
James Mcatee,eng ENG,"MF,FW",23-070,6,1,153.0,1.7,0.0,0.0,0.0,0.0,0.0,0.0,0.0,0.0,0.0,0.0,0.4,0.4,5.0,10.0,10.0,0.0,0.0,0.0,0.0,0.0,0.01,0.21,0.22,0.01,0.22,Matches,Nott'ham Forest
Jair Cunha,br BRA,DF,20-295,1,1,90.0,1.0,0.0,0.0,0.0,0.0,0.0,0.0,0.0,0.0,0.0,0.0,0.0,0.0,0.0,1.0,0.0,0.0,0.0,0.0,0.0,0.0,0.0,0.0,0.0,0.0,0.0,Matches,Nott'ham Forest
Arnaud Kalimuendo,fr FRA,FW,23-341,8,0,89.0,1.0,0.0,0.0,0.0,0.0,0.0,0.0,0.0,0.0,0.4,0.4,0.0,0.4,4.0,2.0,14.0,0.0,0.0,0.0,0.0,0.0,0.36,0.01,0.37,0.36,0.37,Matches,Nott'ham Forest
Zach Abbott,eng ENG,DF,19-228,1,0,45.0,0.5,0.0,0.0,0.0,0.0,0.0,0.0,0.0,0.0,0.0,0.0,0.0,0.0,0.0,1.0,1.0,0.0,0.0,0.0,0.0,0.0,0.0,0.0,0.0,0.0,0.0,Matches,Nott'ham Forest
Jota Silva,pt POR,FW,26-148,1,0,12.0,0.1,0.0,0.0,0.0,0.0,0.0,0.0,0.0,0.0,0.0,0.0,0.0,0.0,0.0,0.0,1.0,0.0,0.0,0.0,0.0,0.0,0.0,0.0,0.0,0.0,0.0,Matches,Nott'ham Forest
Willy Boly,ci CIV,DF,34-327,0,0,,,,,,,,,,,,,,,,,,,,,,,,,,,,Matches,Nott'ham Forest
Angus Gunn,sct SCO,GK,29-339,0,0,,,,,,,,,,,,,,,,,,,,,,,,,,,,Matches,Nott'ham Forest
Squad Total,,,26.3,17,187,1530.0,17.0,17.0,10.0,27.0,16.0,1.0,1.0,30.0,0.0,20.2,19.4,15.2,34.6,292.0,708.0,698.0,1.0,0.59,1.59,0.94,1.53,1.19,0.89,2.08,1.14,2.03,,Nott'ham Forest
Opponent Total,,,26.6,17,187,1530.0,17.0,25.0,15.0,40.0,21.0,4.0,4.0,35.0,1.0,24.2,21.1,17.2,38.4,271.0,636.0,629.0,1.47,0.88,2.35,1.24,2.12,1.43,1.01,2.44,1.24,2.26,,Nott'ham Forest
Jarrod Bowen,eng ENG,"FW,MF",29-007,17,17,1530,17.0,5,1,6,5,0,0,1,0,3.5,3.5,1.8,5.3,56,30,119,0.29,0.06,0.35,0.29,0.35,0.21,0.11,0.31,0.21,0.31,Matches,West Ham
El Hadji Malick Diouf,sn SEN,DF,20-364,16,15,1387,15.4,0,3,3,0,0,0,3,0,0.4,0.4,0.8,1.2,18,36,63,0.00,0.19,0.19,0.00,0.19,0.03,0.05,0.08,0.03,0.08,Matches,West Ham
Lucas Paquetá,br BRA,"MF,FW",28-122,15,15,1286,14.3,3,0,3,2,1,1,7,1,1.9,1.1,1.7,2.8,9,88,50,0.21,0.00,0.21,0.14,0.14,0.13,0.12,0.25,0.08,0.20,Matches,West Ham
Max Kilman,eng ENG,DF,28-218,15,14,1264,14.0,0,0,0,0,0,0,3,0,0.5,0.5,0.2,0.7,4,30,1,0.00,0.00,0.00,0.00,0.00,0.04,0.01,0.05,0.04,0.05,Matches,West Ham
Mateus Fernandes,pt POR,"MF,FW",21-170,15,14,1145,12.7,2,1,3,2,0,0,1,0,0.9,0.9,1.1,2.1,16,43,18,0.16,0.08,0.24,0.16,0.24,0.07,0.09,0.16,0.07,0.16,Matches,West Ham
Alphonse Areola,fr FRA,GK,32-303,13,13,1170,13.0,0,1,1,0,0,0,0,0,0.0,0.0,0.0,0.0,0,0,0,0.00,0.08,0.08,0.00,0.08,0.00,0.00,0.00,0.00,0.00,Matches,West Ham
Jean-Clair Todibo,fr FRA,DF,25-362,12,12,1026,11.4,0,1,1,0,0,0,2,0,0.0,0.0,0.3,0.4,7,27,2,0.00,0.09,0.09,0.00,0.09,0.00,0.03,0.03,0.00,0.03,Matches,West Ham
Aaron Wan-Bissaka,cd COD,DF,28-031,12,11,1011,11.2,0,0,0,0,0,0,2,0,0.0,0.0,0.6,0.6,24,37,50,0.00,0.00,0.00,0.00,0.00,0.00,0.06,0.06,0.00,0.06,Matches,West Ham
Crysencio Summerville,nl NED,"FW,MF",24-058,12,11,876,9.7,0,1,1,0,0,0,3,0,1.6,1.6,0.3,1.9,21,27,54,0.00,0.10,0.10,0.00,0.10,0.17,0.03,0.20,0.17,0.20,Matches,West Ham
Konstantinos Mavropanos,gr GRE,DF,28-016,11,9,867,9.6,0,0,0,0,0,0,1,0,0.6,0.6,0.0,0.6,2,23,0,0.00,0.00,0.00,0.00,0.00,0.07,0.00,0.07,0.07,0.07,Matches,West Ham
Freddie Potts,eng ENG,MF,22-106,12,7,736,8.2,0,1,1,0,0,0,1,0,0.2,0.2,1.1,1.3,3,25,7,0.00,0.12,0.12,0.00,0.12,0.03,0.13,0.15,0.03,0.15,Matches,West Ham
Callum Wilson,eng ENG,FW,33-303,14,6,624,6.9,4,1,5,4,0,0,0,0,3.0,3.0,0.2,3.2,10,6,28,0.58,0.14,0.72,0.58,0.72,0.43,0.03,0.46,0.43,0.46,Matches,West Ham
Kyle Walker-Peters,eng ENG,DF,28-258,12,6,605,6.7,1,0,1,1,0,0,1,0,1.1,1.1,0.1,1.2,14,17,22,0.15,0.00,0.15,0.15,0.15,0.17,0.01,0.18,0.17,0.18,Matches,West Ham
Tomáš Souček,cz CZE,"MF,FW",30-303,14,6,574,6.4,2,0,2,2,0,0,0,1,2.3,2.3,0.0,2.3,2,17,11,0.31,0.00,0.31,0.31,0.31,0.36,0.00,0.36,0.36,0.36,Matches,West Ham
Soungoutou Magassa,fr FRA,MF,22-080,11,6,529,5.9,1,0,1,1,0,0,2,0,0.3,0.3,0.1,0.3,3,13,6,0.17,0.00,0.17,0.17,0.17,0.05,0.01,0.06,0.05,0.06,Matches,West Ham
James Ward-Prowse,eng ENG,MF,31-056,5,5,413,4.6,0,0,0,0,0,0,0,0,0.1,0.1,0.9,1.0,1,20,8,0.00,0.00,0.00,0.00,0.00,0.03,0.20,0.23,0.03,0.23,Matches,West Ham
Niclas Füllkrug,de GER,FW,32-321,8,5,409,4.5,0,0,0,0,0,0,0,0,0.9,0.9,0.7,1.5,1,6,16,0.00,0.00,0.00,0.00,0.00,0.19,0.14,0.33,0.19,0.33,Matches,West Ham
Mads Hermansen,dk DEN,GK,25-169,4,4,360,4.0,0,0,0,0,0,0,0,0,0.0,0.0,0.0,0.0,0,0,0,0.00,0.00,0.00,0.00,0.00,0.00,0.00,0.00,0.00,0.00,Matches,West Ham
Oliver Scarles,eng ENG,"DF,MF",20-015,3,3,132,1.5,0,0,0,0,0,0,0,0,0.0,0.0,0.0,0.0,1,3,2,0.00,0.00,0.00,0.00,0.00,0.00,0.00,0.00,0.00,0.00,Matches,West Ham
Nayef Aguerd,ma MAR,DF,29-272,2,2,180,2.0,0,0,0,0,0,0,0,0,0.1,0.1,0.0,0.1,2,9,0,0.00,0.00,0.00,0.00,0.00,0.05,0.00,0.05,0.05,0.05,Matches,West Ham
Guido Rodríguez,ar ARG,MF,31-259,5,2,168,1.9,0,0,0,0,0,0,1,0,0.0,0.0,0.0,0.0,0,8,4,0.00,0.00,0.00,0.00,0.00,0.01,0.00,0.01,0.01,0.01,Matches,West Ham
Andy Irving,sct SCO,MF,25-228,7,2,158,1.8,0,0,0,0,0,0,0,0,0.0,0.0,0.3,0.3,2,12,2,0.00,0.00,0.00,0.00,0.00,0.00,0.15,0.15,0.00,0.15,Matches,West Ham
Luis Guilherme,br BRA,"FW,MF",19-321,5,1,125,1.4,0,0,0,0,0,0,0,0,0.1,0.1,0.0,0.1,2,2,5,0.00,0.00,0.00,0.00,0.00,0.05,0.02,0.07,0.05,0.07,Matches,West Ham
Igor,br BRA,DF,27-323,4,1,105,1.2,0,0,0,0,0,0,0,0,0.0,0.0,0.0,0.0,0,0,1,0.00,0.00,0.00,0.00,0.00,0.00,0.03,0.03,0.00,0.03,Matches,West Ham
Callum Marshall,nir NIR,FW,21-029,2,0,60,0.7,0,0,0,0,0,0,0,0,0.1,0.1,0.0,0.1,0,1,0,0.00,0.00,0.00,0.00,0.00,0.19,0.00,0.19,0.19,0.19,Matches,West Ham
Ezra Mayers,bb BRB,DF,18-345,2,0,35,0.4,0,0,0,0,0,0,0,0,0.0,0.0,0.2,0.2,0,0,3,0.00,0.00,0.00,0.00,0.00,0.00,0.55,0.55,0.00,0.55,Matches,West Ham
Mohamadou Kanté,fr FRA,"MF,FW",20-098,2,0,11,0.1,0,0,0,0,0,0,0,0,0.0,0.0,0.0,0.0,1,0,0,0.00,0.00,0.00,0.00,0.00,0.41,0.00,0.41,0.41,0.41,Matches,West Ham
Edson Álvarez,mx MEX,"DF,MF",28-064,0,0,,,,,,,,,,,,,,,,,,,,,,,,,,,,Matches,West Ham
George Earthy,eng ENG,MF,21-113,0,0,,,,,,,,,,,,,,,,,,,,,,,,,,,,Matches,West Ham
Łukasz Fabiański,pl POL,GK,40-253,0,0,,,,,,,,,,,,,,,,,,,,,,,,,,,,Matches,West Ham
Airidas Golambeckis,eng ENG,DF,18-053,0,0,,,,,,,,,,,,,,,,,,,,,,,,,,,,Matches,West Ham
Squad Total,,,27.1,17,187,1530,17.0,18,10,28,17,1,1,28,2,17.4,16.6,10.3,27.0,199,480,472,1.06,0.59,1.65,1.00,1.59,1.03,0.61,1.63,0.98,1.59,,West Ham
Opponent Total,,,26.6,17,187,1530,17.0,34,21,55,32,2,2,26,0,27.9,26.3,18.8,45.1,384,802,795,2.00,1.24,3.24,1.88,3.12,1.64,1.10,2.74,1.55,2.65,,West Ham
Martin Dúbravka,sk SVK,GK,36-346,17,17,1530.0,17.0,0.0,0.0,0.0,0.0,0.0,0.0,0.0,0.0,0.0,0.0,0.0,0.0,0.0,0.0,0.0,0.0,0.0,0.0,0.0,0.0,0.0,0.0,0.0,0.0,0.0,Matches,Burnley
Josh Cullen,ie IRL,MF,29-264,17,17,1462.0,16.2,2.0,2.0,4.0,2.0,0.0,0.0,2.0,0.0,0.9,0.9,2.1,2.9,6.0,67.0,11.0,0.12,0.12,0.25,0.12,0.25,0.05,0.13,0.18,0.05,0.18,Matches,Burnley
Maxime Estève,fr FRA,DF,23-215,16,16,1431.0,15.9,0.0,0.0,0.0,0.0,0.0,0.0,0.0,0.0,0.4,0.4,0.4,0.8,4.0,37.0,1.0,0.0,0.0,0.0,0.0,0.0,0.03,0.03,0.05,0.03,0.05,Matches,Burnley
Kyle Walker,eng ENG,DF,35-213,16,16,1426.0,15.8,0.0,1.0,1.0,0.0,0.0,0.0,5.0,0.0,0.1,0.1,0.5,0.6,22.0,34.0,23.0,0.0,0.06,0.06,0.0,0.06,0.01,0.03,0.04,0.01,0.04,Matches,Burnley
Quilindschy Hartman,nl NED,DF,24-043,15,15,1337.0,14.9,0.0,4.0,4.0,0.0,0.0,0.0,1.0,0.0,0.2,0.2,1.5,1.7,6.0,44.0,43.0,0.0,0.27,0.27,0.0,0.27,0.01,0.1,0.11,0.01,0.11,Matches,Burnley
Jaidon Anthony,eng ENG,"MF,FW",26-026,17,14,1125.0,12.5,4.0,1.0,5.0,4.0,0.0,0.0,3.0,0.0,2.4,2.4,0.6,2.9,25.0,17.0,63.0,0.32,0.08,0.4,0.32,0.4,0.19,0.05,0.23,0.19,0.23,Matches,Burnley
Florentino Luís,pt POR,MF,26-130,13,12,1009.0,11.2,0.0,1.0,1.0,0.0,0.0,0.0,1.0,0.0,0.4,0.4,0.2,0.7,5.0,46.0,7.0,0.0,0.09,0.09,0.0,0.09,0.04,0.02,0.06,0.04,0.06,Matches,Burnley
Lesley Ugochukwu,fr FRA,MF,21-276,16,11,965.0,10.7,3.0,0.0,3.0,3.0,0.0,0.0,2.0,1.0,2.0,2.0,0.3,2.3,13.0,28.0,27.0,0.28,0.0,0.28,0.28,0.28,0.19,0.03,0.21,0.19,0.21,Matches,Burnley
Lyle Foster,za RSA,FW,25-115,13,11,868.0,9.6,2.0,1.0,3.0,2.0,0.0,0.0,2.0,0.0,1.6,1.6,0.8,2.4,13.0,12.0,55.0,0.21,0.1,0.31,0.21,0.31,0.17,0.08,0.25,0.17,0.25,Matches,Burnley
Hjalmar Ekdal,se SWE,DF,27-067,11,10,892.0,9.9,0.0,0.0,0.0,0.0,0.0,0.0,0.0,0.0,0.2,0.2,0.1,0.4,2.0,17.0,1.0,0.0,0.0,0.0,0.0,0.0,0.02,0.01,0.04,0.02,0.04,Matches,Burnley
Axel Tuanzebe,cd COD,DF,28-043,8,8,706.0,7.8,0.0,0.0,0.0,0.0,0.0,0.0,1.0,0.0,0.0,0.0,0.0,0.0,3.0,16.0,3.0,0.0,0.0,0.0,0.0,0.0,0.0,0.0,0.0,0.0,0.0,Matches,Burnley
Zian Flemming,nl NED,FW,27-148,14,8,664.0,7.4,5.0,0.0,5.0,3.0,2.0,2.0,3.0,0.0,3.2,1.6,0.2,1.8,1.0,11.0,28.0,0.68,0.0,0.68,0.41,0.41,0.43,0.03,0.46,0.22,0.25,Matches,Burnley
Loum Tchaouna,fr FRA,"MF,FW",22-110,14,8,659.0,7.3,1.0,0.0,1.0,1.0,0.0,0.0,1.0,0.0,0.4,0.4,0.2,0.6,11.0,15.0,26.0,0.14,0.0,0.14,0.14,0.14,0.06,0.03,0.09,0.06,0.09,Matches,Burnley
Jacob Bruun Larsen,dk DEN,"FW,MF",27-099,15,7,718.0,8.0,0.0,1.0,1.0,0.0,0.0,0.0,0.0,0.0,0.6,0.6,1.3,1.9,15.0,17.0,53.0,0.0,0.13,0.13,0.0,0.13,0.07,0.17,0.24,0.07,0.24,Matches,Burnley
Josh Laurent,eng ENG,"DF,MF",30-235,14,7,700.0,7.8,0.0,0.0,0.0,0.0,0.0,0.0,2.0,0.0,0.2,0.2,0.2,0.3,9.0,17.0,14.0,0.0,0.0,0.0,0.0,0.0,0.02,0.02,0.04,0.02,0.04,Matches,Burnley
Hannibal Mejbri,tn TUN,MF,22-340,13,4,403.0,4.5,0.0,1.0,1.0,0.0,0.0,0.0,3.0,0.0,0.3,0.3,1.1,1.3,12.0,18.0,15.0,0.0,0.22,0.22,0.0,0.22,0.06,0.24,0.3,0.06,0.3,Matches,Burnley
Armando Broja,al ALB,FW,24-108,11,2,320.0,3.6,1.0,0.0,1.0,1.0,0.0,0.0,0.0,0.0,1.4,1.4,0.0,1.4,5.0,3.0,15.0,0.28,0.0,0.28,0.28,0.28,0.4,0.01,0.41,0.4,0.41,Matches,Burnley
Lucas,br BRA,DF,24-278,3,2,142.0,1.6,0.0,0.0,0.0,0.0,0.0,0.0,0.0,1.0,0.1,0.1,0.0,0.1,2.0,7.0,3.0,0.0,0.0,0.0,0.0,0.0,0.03,0.03,0.06,0.03,0.06,Matches,Burnley
Joe Worrall,eng ENG,DF,28-351,6,1,157.0,1.7,0.0,0.0,0.0,0.0,0.0,0.0,0.0,0.0,0.0,0.0,0.0,0.0,0.0,2.0,2.0,0.0,0.0,0.0,0.0,0.0,0.0,0.0,0.0,0.0,0.0,Matches,Burnley
Oliver Sonne,pe PER,"DF,FW",25-047,5,1,132.0,1.5,1.0,0.0,1.0,1.0,0.0,0.0,0.0,0.0,0.4,0.4,0.0,0.5,0.0,5.0,6.0,0.68,0.0,0.68,0.68,0.68,0.29,0.02,0.31,0.29,0.31,Matches,Burnley
Marcus Edwards,eng ENG,"FW,MF",27-024,7,0,101.0,1.1,0.0,1.0,1.0,0.0,0.0,0.0,0.0,0.0,0.3,0.3,0.8,1.1,9.0,9.0,20.0,0.0,0.89,0.89,0.0,0.89,0.27,0.67,0.94,0.27,0.94,Matches,Burnley
Mike Trésor,be BEL,MF,26-213,2,0,17.0,0.2,0.0,0.0,0.0,0.0,0.0,0.0,0.0,0.0,0.0,0.0,0.0,0.0,0.0,0.0,0.0,0.0,0.0,0.0,0.0,0.0,0.0,0.0,0.0,0.0,0.0,Matches,Burnley
Ashley Barnes,eng ENG,FW,36-058,1,0,8.0,0.1,0.0,0.0,0.0,0.0,0.0,0.0,0.0,0.0,0.0,0.0,0.0,0.0,0.0,0.0,1.0,0.0,0.0,0.0,0.0,0.0,0.0,0.0,0.0,0.0,0.0,Matches,Burnley
Bashir Humphreys,eng ENG,DF,22-287,1,0,3.0,0.0,0.0,0.0,0.0,0.0,0.0,0.0,0.0,0.0,0.0,0.0,0.0,0.0,0.0,0.0,0.0,0.0,0.0,0.0,0.0,0.0,0.0,0.0,0.0,0.0,0.0,Matches,Burnley
Aaron Ramsey,eng ENG,MF,22-340,0,0,,,,,,,,,,,,,,,,,,,,,,,,,,,,Matches,Burnley
Max Weiß,de GER,GK,21-195,0,0,,,,,,,,,,,,,,,,,,,,,,,,,,,,Matches,Burnley
Squad Total,,,27.8,17,187,1530.0,17.0,19.0,13.0,32.0,17.0,2.0,2.0,26.0,2.0,14.8,13.3,10.3,23.6,163.0,422.0,417.0,1.12,0.76,1.88,1.0,1.76,0.87,0.6,1.48,0.78,1.39,,Burnley
Opponent Total,,,26.6,17,187,1530.0,17.0,31.0,18.0,49.0,26.0,5.0,5.0,22.0,0.0,33.9,30.0,23.1,53.1,414.0,739.0,735.0,1.82,1.06,2.88,1.53,2.59,1.99,1.36,3.35,1.77,3.12,,Burnley
João Gomes,br BRA,MF,24-318,16,14,1279,14.2,0,0,0,0,0,0,6,0,0.5,0.5,0.2,0.7,22,74,25,0.00,0.00,0.00,0.00,0.00,0.03,0.02,0.05,0.03,0.05,Matches,Wolves
André,br BRA,MF,24-164,17,14,1245,13.8,0,0,0,0,0,0,4,0,0.2,0.2,0.3,0.5,9,48,6,0.00,0.00,0.00,0.00,0.00,0.01,0.02,0.03,0.01,0.03,Matches,Wolves
Jørgen Strand Larsen,no NOR,FW,25-324,15,14,1203,13.4,1,0,1,0,1,2,1,0,2.6,1.1,0.4,1.5,4,12,40,0.07,0.00,0.07,0.00,0.00,0.20,0.03,0.23,0.08,0.11,Matches,Wolves
Sam Johnstone,eng ENG,GK,32-277,12,12,1080,12.0,0,0,0,0,0,0,0,0,0.0,0.0,0.0,0.0,0,1,0,0.00,0.00,0.00,0.00,0.00,0.00,0.00,0.00,0.00,0.00,Matches,Wolves
Ladislav Krejčí,cz CZE,"DF,MF",26-251,12,12,1053,11.7,1,1,2,1,0,0,2,0,1.6,1.6,0.7,2.3,9,50,8,0.09,0.09,0.17,0.09,0.17,0.14,0.06,0.20,0.14,0.20,Matches,Wolves
Toti Gomes,pt POR,DF,26-345,13,12,949,10.5,0,0,0,0,0,0,2,1,0.0,0.0,0.2,0.2,6,23,3,0.00,0.00,0.00,0.00,0.00,0.00,0.01,0.02,0.00,0.02,Matches,Wolves
Emmanuel Agbadou,ci CIV,DF,28-193,13,11,1011,11.2,0,0,0,0,0,0,1,1,0.5,0.5,0.2,0.6,5,37,7,0.00,0.00,0.00,0.00,0.00,0.04,0.01,0.06,0.04,0.06,Matches,Wolves
Jhon Arias,co COL,"FW,MF",28-097,16,10,812,9.0,0,0,0,0,0,0,1,0,2.7,2.7,0.5,3.1,16,27,37,0.00,0.00,0.00,0.00,0.00,0.30,0.05,0.35,0.30,0.35,Matches,Wolves
Marshall Munetsi,zw ZIM,"MF,FW",29-188,13,9,875,9.7,1,1,2,1,0,0,2,0,1.6,1.6,0.5,2.1,11,18,37,0.10,0.10,0.21,0.10,0.21,0.17,0.05,0.22,0.17,0.22,Matches,Wolves
Jean-Ricner Bellegarde,ht HAI,"MF,FW",27-183,14,9,689,7.7,1,0,1,1,0,0,1,0,0.8,0.8,0.4,1.2,26,40,22,0.13,0.00,0.13,0.13,0.13,0.11,0.05,0.16,0.11,0.16,Matches,Wolves
Hugo Bueno,es ESP,"DF,MF",23-100,14,8,832,9.2,0,0,0,0,0,0,1,0,0.2,0.2,1.0,1.2,32,25,56,0.00,0.00,0.00,0.00,0.00,0.02,0.11,0.13,0.02,0.13,Matches,Wolves
Santiago Bueno,uy URU,DF,27-048,9,8,755,8.4,1,0,1,1,0,0,2,0,0.8,0.8,0.1,0.9,4,23,1,0.12,0.00,0.12,0.12,0.12,0.10,0.01,0.10,0.10,0.10,Matches,Wolves
David Møller Wolfe,no NOR,"DF,MF",23-248,11,8,674,7.5,0,2,2,0,0,0,1,0,0.1,0.1,1.6,1.8,14,16,31,0.00,0.27,0.27,0.00,0.27,0.02,0.22,0.23,0.02,0.23,Matches,Wolves
Jackson Tchatchoua,cm CMR,"DF,MF",24-104,16,7,811,9.0,0,0,0,0,0,0,0,0,0.3,0.3,1.0,1.3,13,11,57,0.00,0.00,0.00,0.00,0.00,0.03,0.11,0.14,0.03,0.14,Matches,Wolves
Hwang Hee-chan,kr KOR,FW,29-335,12,7,585,6.5,1,0,1,1,0,0,2,0,1.1,1.1,0.2,1.2,12,17,39,0.15,0.00,0.15,0.15,0.15,0.17,0.02,0.19,0.17,0.19,Matches,Wolves
Yerson Mosquera,co COL,DF,24-239,8,6,518,5.8,0,0,0,0,0,0,5,0,0.1,0.1,0.2,0.3,2,4,2,0.00,0.00,0.00,0.00,0.00,0.02,0.04,0.06,0.02,0.06,Matches,Wolves
Matt Doherty,ie IRL,DF,33-345,6,6,447,5.0,0,0,0,0,0,0,4,0,0.1,0.1,0.1,0.2,1,18,4,0.00,0.00,0.00,0.00,0.00,0.02,0.02,0.04,0.02,0.04,Matches,Wolves
Ki-Jana Hoever,nl NED,"DF,MF",23-343,8,6,425,4.7,0,0,0,0,0,0,0,0,0.0,0.0,0.5,0.5,9,13,23,0.00,0.00,0.00,0.00,0.00,0.00,0.10,0.10,0.00,0.10,Matches,Wolves
José Sá,pt POR,GK,32-344,5,5,450,5.0,0,0,0,0,0,0,0,0,0.0,0.0,0.1,0.1,0,0,0,0.00,0.00,0.00,0.00,0.00,0.00,0.01,0.01,0.00,0.01,Matches,Wolves
Rodrigo Gomes,pt POR,"FW,DF",22-173,6,4,331,3.7,1,0,1,1,0,0,0,0,1.0,1.0,0.1,1.1,13,7,37,0.27,0.00,0.27,0.27,0.27,0.26,0.04,0.30,0.26,0.30,Matches,Wolves
Tolu Arokodare,ng NGA,FW,25-034,13,3,343,3.8,1,0,1,1,0,0,1,0,0.6,0.6,0.2,0.8,4,1,18,0.26,0.00,0.26,0.26,0.26,0.16,0.06,0.22,0.16,0.22,Matches,Wolves
Fer López,es ESP,MF,21-217,8,2,232,2.6,0,1,1,0,0,0,1,0,0.2,0.2,0.7,0.9,8,20,16,0.00,0.39,0.39,0.00,0.39,0.07,0.29,0.36,0.07,0.36,Matches,Wolves
Mateus Mane,pt POR,"MF,FW",18-102,6,0,97,1.1,0,1,1,0,0,0,0,0,0.0,0.0,0.2,0.2,5,3,13,0.00,0.93,0.93,0.00,0.93,0.03,0.20,0.22,0.03,0.22,Matches,Wolves
Tawanda Chirewa,zw ZIM,"MF,FW",22-077,1,0,22,0.2,0,0,0,0,0,0,0,0,0.0,0.0,0.0,0.0,0,0,0,0.00,0.00,0.00,0.00,0.00,0.00,0.00,0.00,0.00,0.00,Matches,Wolves
Sasa Kalajdzic,at AUT,FW,28-173,1,0,15,0.2,0,0,0,0,0,0,0,0,0.0,0.0,0.0,0.0,0,0,2,0.00,0.00,0.00,0.00,0.00,0.00,0.00,0.00,0.00,0.00,Matches,Wolves
Daniel Bentley,eng ENG,GK,32-167,0,0,,,,,,,,,,,,,,,,,,,,,,,,,,,,Matches,Wolves
Enso Gonzalez,py PAR,FW,20-341,0,0,,,,,,,,,,,,,,,,,,,,,,,,,,,,Matches,Wolves
Saheed Olagunju,ng NGA,DF,18-354,0,0,,,,,,,,,,,,,,,,,,,,,,,,,,,,Matches,Wolves
Alfie Pond,eng ENG,DF,21-301,0,0,,,,,,,,,,,,,,,,,,,,,,,,,,,,Matches,Wolves
Luke Rawlings,eng ENG,MF,17-267,0,0,,,,,,,,,,,,,,,,,,,,,,,,,,,,Matches,Wolves
Squad Total,,,26.8,17,187,1530,17.0,8,6,14,7,1,2,37,2,14.9,13.3,9.3,22.6,225,488,484,0.47,0.35,0.82,0.41,0.76,0.87,0.55,1.42,0.78,1.33,,Wolves
Opponent Total,,,26.8,17,187,1530,17.0,33,27,60,32,1,1,27,0,25.3,24.7,21.0,45.7,332,726,716,1.94,1.59,3.53,1.88,3.47,1.49,1.23,2.72,1.45,2.69,,Wolves
